pdb_id,chain,peptide,start,end,nr_of_residues
6VSB,A,"E281,N282,T415,D420,Y449,N450,R454,P491,L492,Q493,S494,G496,Q498,P499,T500,V503,Y505,N556,K558,L560,P561,F562,N703,S704,V705,P793,I794,P809,S810,N914,Y917,E918,Q1071,G1099,T1100,H1101,E1111,D1118,P1140,L1141,Q1142,P1143,E1144,L1145,D1146",281,1146,45
5WRG,A,"E268,N269,G270,T271,T402,V404,D407,Y408,T431,S432,T433,G434,N435,Y436,N437,K439,Y440,R441,Y442,L443,R444,H445,G446,K447,R449,R453,D454,I455,S456,N457,V458,P459,F460,S461,P462,D463,G464,K465,P466,C467,T468,P469,P470,A471,L472,N473,C474,Y475,W476,P477,L478,N479,D480,Y481,G482,Y484,T485,T486,T487,G488,I489,G490,Y491,S542,K543,R544,F545,Q546,P547,F548,Q549,V555,S556,T567,S568,S686,I687,A688,Y689,S690,N691,N692,T693,I694,A695,I696,P697,N699,P791,L792,P794,T894,Q895,N896,Y899,E900,N901,K903,Q904,S1052,Q1053,E1054,R1055,N1056,F1057,T1058",268,1058,106
7M51,A,"D1232,F1233,K1234,E1235,E1236,L1237,D1238,Q1239,W1240,F1241,K1242",1232,1242,11
4L72,A,"S39,R40,K41,K50,N51,S93,D96,E97,G99,H100,S101,Y118,N119,Y120,V121,K122,Q123,T129,S131,N138,K139,R140,Q141,T144,E145,E146,R147,N150,N151,N169,K190,E191,D192,E232,P234,L235,I236,E237,Y238,S239,F240,Y241,S242,D243,E244,S245,L246,Q247,Y248,P249,K250,T251,V252,R253,V254,P255,Y256,P257,K258,G260,A261,V262,I319,N321,T350,T351,G352,N377,E378,E379,G380,Y381,T401,K502,Q505,N506,V507,Q508,N520,E521,T522,K523,H533,D535,K536,S537,G587,D588,K589,I590,H592,A593,N595,R596,R597,E660,E668,R669,Y670,M671,G672,L673,P674,T675,P676,E677,D678,N679,L680,D681,H682,Y683,R684,N685,D737,S745,T746",39,746,117
7CYD,A,"T476,S682,Y1033",476,1033,3
6WJI,A,"K257,P258,R259,Q260,K261,R262,T263,A264,T265,K266,A267,Y268,N269,V270,T271,Q272,A273,F274,G275,R276,R277,G278,P279,E280,Q281,T282,Q283,G284,N285,F286,G287,D288,Q289,E290,L291,I292,R293,Q294,G295,T296,D297,Y298,K299,H300,W301,P302,Q303,I304,A305,Q306,A308,G321,M322,E323,V324,T325,P326,S327,G328,T329,W330,L331,T332,A336,K338,L339,D340,D341,K342,D343,P344,N345,F346,K347,D348,Q349,V350,I351,L352,L353,N354,K355,H356,I357,D358,A359,Y360,K361,T362,F363,P364",257,364,91
2CJR,A,"S251,A252,A253,E254,A255,S256,K257,K258,P259,R260,Q261,K262,R263,T264,A265,T266,K267,Q268,Y269,N270,V271,T272,Q273,A274,F275,G276,R277,R278,G279,P280,E281,Q282,T283,Q284,G285,N286,F287,G288,D289,Q290,D291,L292,I293,R294,Q295,G296,T297,D298,Y299,K300,H301,W302,P303,Q304,I305,A306,Q307,F308,A309,S313,R320,I321,G322,M323,E324,V325,T326,P327,S328,G329,T330,W331,L332,T333,H335,A337,K339,L340,D341,D342,K343,D344,P345,Q346,F347,K348,D349,N350,V351,I352,L353,L354,N355,K356,H357,I358,D359,A360,Y361,K362,T363,F364,P365",251,365,103
4J3K,A,"E44,F45,N46,V47,V48,P49,Y50,Y51,G56,T58,Q59,F60,Q61,K62,G63,K64,E65,F66,E67,G79,Y90,R91,H92,N93,R94,R95,S96,F97,K98,T99,A100,D101,G102,Q106,L107,L108,P109,R110,Y112,P120,H121,A122,K123,D124,Q125,G127,T128,D129,I130,D131,G132,V133,N144,D153,P154,S155,S156,D157,E158,P161,P166,G167,Q172,G173,Y174,Y175,I176,E177,G178,S179",44,179,70
6KL2,A,"H37,M38,N39,T40,V41,T45,G46,T48,Q49,H50,K52,V53,P54,T56,P58,P59,G60,Q61,L65,A67,N68,T70,A72,R80,Q81,D82,L94,A95,P96,R97,Y99,P107,A109,A110,P112,V116,D118,G119,D126,T134,G136,T137,R138,N139,P140,N141,N142,D143,S144,A145,I146,V147,Q149,P152,G153,T154,K155,L156,P157,K158,N159,F160,H161,I162,E163,G164",37,164,66
7LGT,A,"G1,S2,T10,S11,V12,S13,R14,P15,G16,R17,G18,E19,P20,R21,F22,I23,S24,V25,Y27,T31,Q32,F33,V34,R35,F36,D37,S38,D39,A40,A41,S42,P43,R44,E45,E46,P47,R48,A49,P50,W51,I52,E53,Q54,E55,G56,P57,E58,Y59,W60,D61,R62,N63,T64,Q65,I66,Y67,K68,A69,Q70,A71,Q72,T73,D74,R75,E76,S77,L78,R79,N80,L81,R82,G83,Y84,Y85,N86,Q87,S88,E89,A90,G91,S92,H93,T94,L95,Q96,G104,P105,D106,R108,A117,D119,G120,K121,D122,A136,D137,T138,A139,Q141,I142,R145,K146,E148,A149,A150,E166,W167,R169,R170,Y171,L172,E173,N174,G175,K176,D177,K178,L179,E180,R181,A182,D183,P193,S195,D196,H197,E198,D220,G221,E222,G237,D238,R239,P250,S251,G252,E253,Q255,R256,G265,P267,K268,E275",1,275,143
5EPW,A,"P228,S229,Q230,L231,K232,K233,P234,R235,W236,K237,R238,V239,P240,T241,R242,E243,E244,N245,V246,I247,Q248,C249,F250,G251,P252,R253,D254,F255,N256,H257,N258,M259,G260,D261,S262,D263,L264,V265,Q266,N267,G268,V269,D270,A271,K272,G273,F274,P275,Q276,S294,T295,D296,E297,V298,G299,D300,N301,V302,Q303,I304,T305,K309,A313,K314,D315,N316,K317,N318,L319,P320,K321,I323,E324,I326,S327,A328,F329,T330,K331",228,331,79
5R7Y,A,"A191,A193",191,193,2
1Q2W,A,"A191,A193,T196",191,196,3
7NH7,A,"P21,R24,S26,I135,T136,I139,G140,E141,Y142",21,142,9
4WUR,A,"T3,N22,N24,D46,E47",3,47,5
4RS4,A,"G36,N37,G143,G144,K145,I172",36,172,6
6XDC,A,"G174,E181,T221,G224,E226,H227",174,227,6
