peptide,mol_weight,isoelectric_point,aromaticity,instability_index,helix_2_struc,turn_2_struc,sheet_2_struc,reduces_cys,disulfide_bridge,hydropathicity,charge_at_pH7
VYDSSEVKAQSSGVIP,1665.796,4.37,0.062,91.475,0.312,0.375,0.125,1490,1490,-0.125,-1.264
GYIDCEQDSCDFKGWIPGNMID,2506.741,4.05,0.136,41.845,0.273,0.273,0.091,6990,7115,-0.5,-4.251
YAIQEGFDATNSALVKI,1840.038,4.37,0.118,26.4,0.353,0.176,0.294,1490,1490,0.241,-1.238
TGFHTINHTFGNPV,1541.665,6.609,0.143,6.9,0.286,0.357,0.0,0,0,-0.257,-0.427
INLCDDPEKAQ,1245.359,4.05,0.0,42.4,0.182,0.182,0.273,0,0,-0.945,-2.246
MWLSYFIASFRL,1533.833,8.498,0.333,19.45,0.583,0.167,0.333,6990,6990,1.092,0.499
DIGNPKGIPIVDDPVV,1647.866,4.05,0.0,-12.806,0.375,0.375,0.0,0,0,0.162,-2.238
ESKVSGKGQQQQGQTVTKK,2046.243,10.002,0.0,32.147,0.105,0.263,0.053,0,0,-1.705,2.833
LIKSPLHSL,1007.227,8.757,0.0,48.278,0.444,0.333,0.333,0,0,0.622,0.846
GDNSAKF,737.758,5.836,0.143,8.571,0.143,0.429,0.143,0,0,-1.071,-0.24
ITSTPIVVDCATYV,1481.709,4.05,0.071,-7.514,0.429,0.143,0.071,1490,1490,1.186,-1.25
GCQLVLTVSLQ,1160.384,5.518,0.0,31.873,0.455,0.182,0.273,0,0,1.218,-0.25
LYNSTFFSTFKCY,1620.821,8.175,0.385,16.654,0.462,0.231,0.077,2980,2980,0.131,0.747
QPLPNASFDNFKLTCSNTKF,2272.535,8.198,0.15,11.41,0.25,0.35,0.15,0,0,-0.56,0.749
WYIWLGFIAGLIAIV,1735.117,5.524,0.267,11.9,0.733,0.133,0.267,12490,12490,2.153,-0.241
LLAKKEL,814.025,8.591,0.0,8.571,0.429,0.0,0.714,0,0,0.271,0.761
DMYDPRTKHVTKENDSK,2064.237,6.756,0.059,39.171,0.118,0.176,0.118,1490,1490,-2.112,-0.151
STKPVETSNSF,1196.264,5.718,0.091,19.745,0.182,0.455,0.091,0,0,-0.845,-0.538
YAKDHNDMLYSPPTISYNSTLQSGLK,2944.231,6.743,0.115,78.312,0.269,0.346,0.192,4470,4470,-0.808,-0.155
GFRDYIINRTFMIRSCY,2155.501,9.309,0.235,61.694,0.412,0.176,0.059,2980,2980,-0.088,1.749
VSLLRSTSQKSIVAYTMSLGADSSIAY,2849.216,8.468,0.074,58.133,0.333,0.296,0.259,2980,2980,0.396,0.732
RDSTYGPLQTPV,1333.446,5.836,0.083,61.358,0.25,0.333,0.083,1490,1490,-0.883,-0.24
QPRNVSYDSVS,1251.302,5.836,0.091,70.0,0.273,0.455,0.0,1490,1490,-1.082,-0.24
RVVPSGDVVR,1083.242,9.599,0.0,47.52,0.4,0.3,0.0,0,0,0.15,0.761
LEAQVQID,914.999,4.05,0.0,-0.675,0.375,0.0,0.375,0,0,0.037,-2.233
STFVGILPPTVR,1286.519,9.465,0.083,53.45,0.417,0.333,0.083,0,0,0.767,0.46
PIAYLVFVTT,1123.34,5.95,0.2,0.51,0.6,0.1,0.2,1490,1490,1.7,-0.042
IYDGGCLN,853.939,4.05,0.125,77.85,0.375,0.375,0.125,1490,1490,0.213,-1.25
YKTPPIKDFGGFNF,1630.839,8.497,0.286,9.671,0.357,0.357,0.0,1490,1490,-0.564,0.758
GPTTEVK,730.807,6.001,0.0,31.971,0.143,0.286,0.143,0,0,-0.943,-0.238
ELANYKQ,864.942,6.1,0.143,42.343,0.286,0.143,0.429,1490,1490,-1.443,-0.165
ARKSCSIDSDVDT,1396.481,4.429,0.0,26.0,0.154,0.231,0.077,0,0,-0.692,-1.212
PDEIFRSDTLYLTQ,1697.839,4.05,0.143,32.921,0.357,0.143,0.214,1490,1490,-0.621,-2.037
WILISTFLFSCIISAF,1861.249,5.518,0.25,49.5,0.625,0.188,0.188,5500,5500,2.144,-0.25
GSSAARLEPCNGTD,1377.438,4.67,0.0,14.614,0.071,0.429,0.286,0,0,-0.7,-1.243
PSQVQKAKQ,1013.149,10.019,0.0,69.578,0.111,0.222,0.111,0,0,-1.633,1.957
VLFSTVVIKN,1119.353,8.72,0.1,0.51,0.6,0.2,0.1,0,0,1.48,0.733
AKIQSVVNSNAQALNS,1643.797,8.795,0.0,31.531,0.25,0.375,0.25,0,0,-0.106,0.795
GAGSDKEVAPGSA,1145.177,4.37,0.0,10.985,0.077,0.462,0.308,0,0,-0.438,-1.237
DSFSCNNFDESKIY,1668.735,4.05,0.214,52.1,0.286,0.357,0.071,1490,1490,-0.893,-2.247
VTTAETTD,836.841,4.05,0.0,-1.863,0.125,0.0,0.25,0,0,-0.475,-2.259
GLTNCLA,690.809,5.518,0.0,10.5,0.286,0.286,0.429,0,0,1.043,-0.25
ISSNTDNET,979.942,4.05,0.0,20.856,0.111,0.444,0.111,0,0,-1.389,-2.236
SFAAIPFAQSIFYRLNGV,2001.286,8.463,0.222,43.323,0.444,0.278,0.222,1490,1490,0.8,0.459
YYSLPAINVTIN,1367.545,5.524,0.167,44.475,0.5,0.333,0.167,2980,2980,0.508,-0.242
QITTDTGIE,977.024,4.085,0.0,22.144,0.222,0.111,0.111,0,0,-0.444,-2.231
VNSGSDMNCNIPTQCYYNNGSSGR,2581.73,5.793,0.083,26.113,0.167,0.542,0.042,2980,3105,-0.946,-0.287
KTICFSTVEVP,1223.438,5.994,0.091,26.6,0.364,0.182,0.091,0,0,0.636,-0.248
IHSLRVCVDT,1142.329,6.735,0.0,3.0,0.4,0.1,0.1,0,0,0.65,-0.162
SMDNSPNLA,948.009,4.05,0.0,57.711,0.111,0.556,0.333,0,0,-0.689,-1.539
ELSTGCHTGTDFTG,1425.477,4.353,0.071,-2.457,0.143,0.286,0.143,0,0,-0.421,-2.085
KRISNCVAD,1005.15,8.222,0.0,24.1,0.222,0.222,0.111,0,0,-0.356,0.753
DDLNQLTGYKKPASR,1705.866,8.497,0.067,13.64,0.2,0.267,0.2,1490,1490,-1.447,0.759
ELRYNGAIRFDS,1440.559,6.168,0.167,25.667,0.333,0.25,0.25,1490,1490,-0.758,-0.163
FKNIDGYFKIYSKHTPI,2071.376,9.405,0.235,3.153,0.412,0.235,0.0,2980,2980,-0.524,1.843
FYSANFLDDNVLPE,1643.747,4.05,0.214,48.008,0.429,0.286,0.286,1490,1490,-0.143,-3.231
QFVKETTNMVK,1324.545,8.591,0.091,-16.664,0.273,0.091,0.182,0,0,-0.6,0.761
IFSRVKNTKLYVN,1581.856,10.29,0.154,8.769,0.462,0.231,0.077,1490,1490,-0.2,2.757
KHANLYQ,872.967,8.598,0.143,8.571,0.286,0.143,0.286,1490,1490,-1.4,0.845
YPFVSDSVAT,1085.163,4.05,0.2,59.86,0.4,0.3,0.1,1490,1490,0.43,-1.24
LPRWYFYYLGTGPHAKD,2084.333,8.438,0.294,66.448,0.412,0.235,0.176,9970,9970,-0.729,0.848
RGPPRAEL,895.018,9.599,0.0,12.788,0.125,0.375,0.375,0,0,-1.312,0.763
DYSVLYNSTFFSTFKCYG,2142.341,5.827,0.333,10.089,0.444,0.278,0.056,4470,4470,-0.006,-0.253
LELTDESCNNLV,1349.464,4.05,0.0,52.383,0.333,0.25,0.417,0,0,-0.075,-3.243
IQTTPGSGVPVVDSYYSL,1883.059,4.05,0.111,40.05,0.389,0.389,0.056,2980,2980,0.194,-1.241
IFRSDTLYLTQDLF,1731.941,4.208,0.214,38.307,0.5,0.071,0.214,1490,1490,0.214,-1.239
TSYSVVVQP,979.084,5.185,0.111,30.289,0.444,0.333,0.0,1490,1490,0.433,-0.603
KTVGELGDVRET,1303.419,4.679,0.0,-4.192,0.25,0.167,0.25,0,0,-0.742,-1.234
TLFLNGYYPTSGSTYR,1839.996,8.164,0.25,-0.469,0.375,0.375,0.125,4470,4470,-0.475,0.395
AGQEQTNCNTSS,1239.227,4.05,0.0,35.317,0.0,0.417,0.167,0,0,-1.383,-1.211
QNLVGYYSDDGNYYC,1773.829,4.05,0.267,8.807,0.4,0.333,0.067,5960,5960,-0.92,-2.252
EGVFVSNGTHWFVTQR,1864.024,6.849,0.188,-17.144,0.375,0.25,0.062,5500,5500,-0.244,-0.076
YHPNTVDCQDDRC,1565.643,4.413,0.077,1.631,0.154,0.154,0.0,1490,1615,-1.508,-2.17
KAPLVYLNHSVPKL,1578.895,9.703,0.071,25.35,0.429,0.286,0.286,1490,1490,0.129,1.844
VNQQGNSLNHLT,1324.399,6.711,0.0,11.858,0.25,0.417,0.167,0,0,-0.9,-0.179
VPAQEKNFT,1033.135,5.972,0.111,56.389,0.222,0.222,0.222,0,0,-0.878,-0.264
SLILDYFSYPLSMKSD,1879.133,4.534,0.188,29.125,0.438,0.312,0.25,2980,2980,0.144,-1.537
KVGGNYNYLYRLFRKSN,2092.359,10.166,0.235,-8.259,0.412,0.353,0.118,4470,4470,-1.071,3.755
TIYNREMKCYERVK,1833.14,9.099,0.143,1.843,0.286,0.071,0.214,2980,2980,-1.25,1.39
QNDVCSTEDF,1157.165,4.05,0.1,39.98,0.2,0.2,0.1,0,0,-0.95,-3.245
APDGLLFLHTVLLPTDY,1885.163,4.197,0.118,23.2,0.471,0.176,0.353,1490,1490,0.665,-2.116
LPVSIVSLPVYHKHTFIVLYVDFKPQSGGGKCFNCYPAGVNITLANFNETKGPLCVDTSHFTTKYVAVYANVGR,8109.274,8.893,0.135,28.299,0.378,0.27,0.135,7450,7575,0.186,2.987
EVSTDEVGD,949.913,4.05,0.0,-0.544,0.222,0.222,0.222,0,0,-0.833,-4.155
NYKIDTTSSSCQLYYS,1873.001,5.827,0.188,42.125,0.312,0.312,0.062,4470,4470,-0.756,-0.253
PDDQIGYYRRATRRVRG,2079.282,10.784,0.118,59.688,0.235,0.176,0.059,2980,2980,-1.659,2.959
AGGITYVSNSGNLLGFK,1697.885,8.635,0.118,-2.159,0.353,0.471,0.176,1490,1490,0.282,0.794
NSTVLSFCAFAVDAA,1515.686,4.05,0.133,-0.687,0.333,0.2,0.333,0,0,1.213,-1.249
YNLNFEENLR,1311.399,4.531,0.2,45.83,0.4,0.3,0.4,1490,1490,-1.29,-1.235
DAEEKLDNPSSSE,1420.39,4.05,0.0,84.823,0.077,0.385,0.385,0,0,-1.792,-4.225
NLPGCDGGSL,932.01,4.05,0.0,59.86,0.2,0.6,0.2,0,0,-0.05,-1.249
YPQGRTYSN,1085.127,8.59,0.222,44.0,0.222,0.444,0.0,2980,2980,-1.956,0.758
IRKAKDYG,950.093,9.7,0.125,-1.863,0.25,0.125,0.125,1490,1490,-1.4,1.758
LDIIVKPVFFNAFVKCN,1967.376,8.198,0.176,7.924,0.529,0.176,0.118,0,0,1.071,0.749
YATHSDKFTDGVCL,1556.694,5.211,0.143,33.893,0.286,0.143,0.143,1490,1490,-0.207,-1.162
IGSNNVCT,806.884,5.518,0.0,49.5,0.25,0.5,0.0,0,0,0.287,-0.25
TAVKSGT,662.733,8.41,0.0,-7.671,0.143,0.286,0.143,0,0,-0.071,0.397
CSHAAVDSLC,1005.127,5.076,0.0,13.23,0.2,0.2,0.3,0,125,0.83,-1.171
FWRDGSCSCVGS,1303.423,5.823,0.167,50.142,0.25,0.417,0.0,5500,5625,-0.008,-0.259
SLWVYKQ,923.066,8.31,0.286,53.271,0.571,0.143,0.143,6990,6990,-0.343,0.458
TGPHKDAK,852.935,8.287,0.0,27.737,0.0,0.25,0.125,0,0,-1.925,0.484
PTVSYGSTLQ,1052.135,5.95,0.1,33.11,0.3,0.4,0.1,1490,1490,-0.18,-0.042
GNYYRITSRIMF,1520.753,9.986,0.25,14.333,0.417,0.25,0.083,2980,2980,-0.275,1.758
TFYPKLQ,896.04,8.256,0.286,124.844,0.429,0.143,0.143,1490,1490,-0.629,0.396
ENQKLIANQFNSAIG,1646.799,6.101,0.067,-11.407,0.267,0.333,0.267,0,0,-0.46,-0.164
NSNNLDSKVGGN,1218.231,5.836,0.0,14.275,0.167,0.667,0.083,0,0,-1.317,-0.24
RKIKKYPCMVGPDYAYF,2079.486,9.433,0.235,25.924,0.353,0.176,0.118,4470,4470,-0.559,2.745
TFYPKLQSSQAW,1455.612,8.256,0.25,145.709,0.333,0.25,0.167,6990,6990,-0.717,0.396
FPGQKYSSDC,1131.215,5.828,0.2,47.52,0.2,0.4,0.0,1490,1490,-1.05,-0.251
DAITQTSQA,933.96,4.05,0.0,21.911,0.111,0.111,0.222,0,0,-0.511,-1.239
IFAKVKNTKVIK,1388.74,10.478,0.083,-21.533,0.417,0.083,0.083,0,0,0.183,3.756
GAISSSL,633.692,5.525,0.0,51.471,0.286,0.571,0.286,0,0,1.043,-0.24
FLLTNTSSVVDGVV,1450.632,4.05,0.071,-4.493,0.5,0.286,0.143,0,0,1.2,-1.239
EKHCYDLLRDCDAVAPHDF,2247.465,4.725,0.105,48.379,0.263,0.053,0.263,1490,1615,-0.632,-3.006
PTTIAKN,743.849,9.18,0.0,8.571,0.143,0.286,0.143,0,0,-0.586,0.958
GDPQQLPAP,921.994,4.05,0.0,115.889,0.111,0.444,0.222,0,0,-1.122,-1.239
KIQSVVNSNAQAL,1371.539,8.75,0.0,36.5,0.308,0.308,0.231,0,0,0.062,0.759
VYKSLTIVDIP,1247.479,5.805,0.091,-21.764,0.545,0.182,0.091,1490,1490,0.855,-0.267
TNFTIVGQEEFIQTNS,1827.941,4.05,0.125,2.994,0.312,0.25,0.125,0,0,-0.344,-2.596
NWCCLKCG,926.138,7.958,0.125,9.25,0.25,0.25,0.125,5500,5625,0.325,0.729
KSVCTVIDIL,1090.334,5.829,0.0,60.86,0.5,0.1,0.1,0,0,1.48,-0.25
SSFELPQ,806.86,4.05,0.143,91.114,0.286,0.429,0.286,0,0,-0.514,-1.537
ATLYYQN,871.933,5.568,0.286,26.2,0.429,0.143,0.286,2980,2980,-0.671,-0.206
GCCDDYTGYQE,1253.272,4.05,0.182,20.955,0.182,0.182,0.091,2980,3105,-1.191,-3.251
SDGVDSFEG,911.866,4.05,0.111,13.589,0.222,0.444,0.111,0,0,-0.656,-3.535
IKPEATINQDSYGGAS,1650.741,4.37,0.062,26.681,0.188,0.375,0.188,1490,1490,-0.706,-1.238
SDLVQNG,731.752,4.05,0.0,-12.9,0.286,0.429,0.143,0,0,-0.529,-1.539
DQLSDPNY,950.945,4.05,0.125,8.75,0.25,0.375,0.125,1490,1490,-1.738,-2.239
AFGDYTS,759.76,4.05,0.286,-3.557,0.286,0.286,0.143,1490,1490,-0.3,-1.204
VKCYFNYSCVFSVVNA,1843.129,8.005,0.25,23.238,0.5,0.25,0.062,2980,3105,0.881,0.711
AYANRNRFLYIIKLIF,2015.402,10.278,0.25,21.275,0.562,0.125,0.25,2980,2980,0.488,2.793
VVSDGVDS,776.789,4.05,0.0,14.038,0.375,0.375,0.0,0,0,0.45,-2.264
LWNYGKPINLPTGCM,1707.024,8.197,0.133,45.913,0.333,0.4,0.2,6990,6990,-0.087,0.748
IGKYYKTNT,1087.226,9.528,0.222,-12.967,0.333,0.222,0.0,2980,2980,-1.244,1.756
YFTSDYYQLYSTQLSTDTG,2253.329,4.05,0.263,-0.379,0.368,0.211,0.105,5960,5960,-0.758,-2.242
ISEYVVDVSYGLGTY,1664.806,4.05,0.2,0.833,0.533,0.267,0.133,4470,4470,0.46,-2.239
EVTGDSCNNYMLT,1446.559,4.05,0.077,69.862,0.231,0.308,0.231,1490,1490,-0.423,-2.173
SRLWFKPPFLSDFINGI,2037.361,8.463,0.235,25.782,0.471,0.353,0.118,5500,5500,0.206,0.46
SSLILDYFSYPLSMK,1764.046,5.552,0.2,43.24,0.467,0.333,0.267,2980,2980,0.387,-0.542
NSSSGVLDTTIPF,1337.431,4.05,0.077,39.9,0.308,0.462,0.077,0,0,0.192,-1.239
HRNSLDP,837.88,6.745,0.0,26.2,0.143,0.429,0.143,0,0,-1.9,-0.152
SYVAYTMSLGADSSIAYSNNTIAIPTNFSIS,3259.55,4.05,0.129,14.697,0.323,0.387,0.194,4470,4470,0.332,-1.542
NDLNEFVS,936.962,4.05,0.125,8.75,0.375,0.375,0.25,0,0,-0.5,-2.236
TFMYTYNITEDEIL,1752.934,4.05,0.214,115.364,0.429,0.071,0.286,2980,2980,-0.086,-3.597
GVHAGTDLEGN,1069.083,4.353,0.0,-6.345,0.182,0.364,0.273,0,0,-0.527,-2.149
WVNPGFL,831.957,5.525,0.286,-7.671,0.571,0.429,0.143,5500,5500,0.629,-0.24
AELVPSTAAMLFDSH,1588.779,4.353,0.067,56.08,0.267,0.2,0.467,0,0,0.52,-2.113
RIEPCSSGLST,1149.275,5.995,0.0,77.2,0.182,0.455,0.182,0,0,-0.209,-0.247
QEKNFTTAPAICHDGKAHFPREGVFVSNGTHWFVTQRNFYEPQIITTDNTFVSGNCDVVIGIVNNTVYDPLQPELD,8555.365,4.838,0.118,29.583,0.316,0.25,0.118,8480,8605,-0.345,-4.982
HNTCCNLSH,1028.124,6.898,0.0,25.767,0.111,0.333,0.111,0,125,-0.678,-0.085
LHTINATFLDLYYEMNLI,2184.509,4.353,0.167,14.778,0.5,0.111,0.389,2980,2980,0.528,-2.151
LPNGVTVVEEPDSR,1511.632,4.137,0.0,65.414,0.286,0.357,0.214,0,0,-0.514,-2.233
GNCDVVIGIINNTVY,1593.799,4.05,0.067,-1.753,0.467,0.333,0.0,1490,1490,0.787,-1.25
TKENDSKEG,1007.01,4.676,0.0,30.289,0.0,0.333,0.222,0,0,-2.633,-1.597
LALCVFFILCCT,1345.735,5.505,0.167,46.1,0.583,0.0,0.333,0,125,2.858,-0.27
SHSVVYSRYCFSV,1533.706,7.946,0.231,12.446,0.462,0.308,0.0,2980,2980,0.338,0.535
GFTPLNKQSC,1094.241,8.222,0.1,132.86,0.2,0.4,0.1,0,0,-0.53,0.749
AITTGYRFTNFEPFTV,1864.061,6.046,0.25,-6.519,0.375,0.188,0.125,1490,1490,0.081,-0.202
DSYKPGN,779.795,5.835,0.143,13.186,0.143,0.571,0.0,1490,1490,-2.143,-0.241
DKWLNNFNVPSPL,1543.72,5.836,0.154,64.062,0.385,0.462,0.154,5500,5500,-0.631,-0.24
HNFGSAGVVANGVKA,1427.564,8.757,0.067,3.16,0.267,0.4,0.2,0,0,0.313,0.846
YYSGNANEAD,1103.053,4.05,0.2,4.36,0.2,0.4,0.3,2980,2980,-1.42,-2.235
RSVCNTGRCTVNKHV,1673.919,9.696,0.0,64.827,0.2,0.267,0.0,0,125,-0.54,2.826
YLTQDLFLPFYSNV,1719.929,4.05,0.286,68.458,0.571,0.214,0.214,2980,2980,0.357,-1.241
LNGNTSVCVRTSHFS,1621.773,8.259,0.067,-23.947,0.267,0.4,0.067,0,0,-0.093,0.837
ESYVDVGPDSVK,1294.364,4.05,0.083,12.983,0.333,0.333,0.083,1490,1490,-0.558,-2.163
ITTIQGPPGSGKSH,1379.518,8.757,0.0,16.979,0.143,0.5,0.0,0,0,-0.643,0.846
KKVNNEFIDPTE,1433.562,4.936,0.083,18.142,0.25,0.25,0.167,0,0,-1.342,-1.23
GSRGGSQASSRSSSRSRNSSRNSTPGSSRGTSP,3283.319,12.0,0.0,123.179,0.0,0.697,0.03,0,0,-1.621,5.76
LKGSGSDF,809.864,5.836,0.125,-21.9,0.25,0.5,0.125,0,0,-0.4,-0.24
PFLSDFNNGIFSRV,1612.782,6.265,0.214,14.614,0.429,0.429,0.071,0,0,0.164,-0.04
HSKVKVVP,893.085,10.003,0.0,8.0,0.375,0.25,0.0,0,0,-0.1,1.845
SAIVTQF,764.866,5.24,0.143,-37.229,0.429,0.143,0.143,0,0,1.186,-0.54
SIPFSLAIQARLNYV,1691.967,8.463,0.133,20.253,0.467,0.267,0.267,1490,1490,0.747,0.459
RKAWAAFYVYKLQ,1643.927,9.997,0.308,35.493,0.462,0.0,0.308,8480,8480,-0.238,2.756
KEIKESVQT,1061.187,6.143,0.0,42.256,0.222,0.111,0.222,0,0,-1.233,-0.236
SNSNFRHSDSIVKP,1587.692,8.487,0.071,12.557,0.214,0.5,0.0,0,0,-1.1,0.547
SYKGIKVLPPLLSENQISG,2043.363,8.22,0.053,18.042,0.368,0.421,0.211,1490,1490,-0.074,0.46
CVADYSVLYNSTFFSTFK,2092.326,5.827,0.278,5.9,0.444,0.222,0.111,2980,2980,0.422,-0.252
LYLTQDLFLPFYSNV,1833.086,4.05,0.267,64.561,0.6,0.2,0.267,2980,2980,0.587,-1.241
ANKIVGGAPT,927.056,8.795,0.0,30.32,0.2,0.4,0.2,0,0,0.18,0.795
LKESQINE,960.04,4.857,0.0,46.288,0.25,0.25,0.375,0,0,-1.3,-1.23
ADYNYKLPDD,1213.249,4.17,0.2,3.74,0.3,0.2,0.2,2980,2980,-1.65,-2.201
GFKPNNTSA,934.992,8.75,0.111,-25.622,0.111,0.556,0.111,0,0,-1.089,0.759
NNAATVLQLPQG,1225.351,5.525,0.0,68.433,0.25,0.333,0.333,0,0,-0.108,-0.24
WSYDTCVSNNRCNIF,1821.986,5.822,0.2,39.367,0.333,0.333,0.0,6990,7115,-0.433,-0.26
NFQKFKTICFSTVEVPGS,2032.319,8.198,0.167,3.444,0.333,0.278,0.056,0,0,0.028,0.751
VQQDGRIPNGF,1230.33,5.807,0.091,27.827,0.273,0.364,0.0,0,0,-0.855,-0.265
RFVALVLAK,1016.28,11.001,0.111,8.889,0.556,0.0,0.444,0,0,1.556,1.759
ISNEKQEI,960.04,4.531,0.0,86.45,0.25,0.25,0.25,0,0,-1.212,-1.235
NSWQNLLYDSNGNII,1750.862,4.05,0.133,51.573,0.4,0.467,0.133,6990,6990,-0.573,-1.24
RYNLNFSANSLDNL,1640.751,5.836,0.143,-6.836,0.357,0.429,0.286,1490,1490,-0.636,-0.24
AIQEGFDATNSALV,1435.535,4.05,0.071,21.121,0.286,0.214,0.357,0,0,0.343,-2.2
VYFLRYSGAIKLDPKNPN,2095.399,9.526,0.167,-3.983,0.389,0.333,0.167,2980,2980,-0.494,1.731
STFVGILPPT,1031.202,5.24,0.1,62.14,0.4,0.4,0.1,0,0,0.95,-0.54
AYQNLVGYYSDDGNYYCL,2121.237,4.05,0.278,19.706,0.444,0.278,0.167,7450,7450,-0.528,-2.217
VDSSQGSEYDY,1249.194,4.05,0.182,86.991,0.273,0.364,0.091,2980,2980,-1.382,-3.263
FYSANFLDDNVLPETY,1908.024,4.05,0.25,43.257,0.438,0.25,0.25,2980,2980,-0.25,-3.237
VVSKSKELL,1002.206,8.562,0.0,8.889,0.444,0.222,0.333,0,0,0.344,0.735
DTAKKSMYDGDRF,1533.661,6.038,0.154,28.3,0.154,0.154,0.154,1490,1490,-1.5,-0.24
AVYRINWITGGIAI,1546.81,8.793,0.143,-18.9,0.5,0.214,0.143,6990,6990,1.007,0.795
TYHTPATDCSDGNYNRNA,2000.023,5.182,0.111,24.95,0.111,0.333,0.111,2980,2980,-1.478,-1.524
RIKAKHY,915.094,10.29,0.143,59.214,0.286,0.0,0.143,1490,1490,-1.5,2.844
NSLMNGVTLSTKLKDGVNFNVDDINFSPVLGCLGSECSKASSR,4519.053,6.149,0.047,32.695,0.279,0.395,0.186,0,125,-0.077,-0.257
SRFNPSTWNKR,1392.522,12.0,0.182,90.209,0.182,0.455,0.0,5500,5500,-1.991,2.459
NENQAVT,774.776,4.05,0.0,-14.329,0.143,0.286,0.286,0,0,-1.243,-1.237
LDNQDLYG,936.962,4.05,0.125,12.788,0.375,0.25,0.25,1490,1490,-1.012,-2.239
YFTQSRDLEDFKPRSQM,2148.354,6.121,0.176,68.512,0.235,0.176,0.176,1490,1490,-1.429,-0.237
VSMPGSHSL,914.038,6.711,0.0,57.711,0.222,0.556,0.222,0,0,0.256,-0.179
GVYYPDEIFRSDTLYLTQ,2180.368,4.05,0.222,37.35,0.444,0.167,0.167,4470,4470,-0.417,-2.238
KDFVTNKTYNIF,1489.67,8.497,0.25,39.633,0.417,0.167,0.0,1490,1490,-0.558,0.758
QNSRTPKY,993.075,9.994,0.125,32.825,0.125,0.375,0.0,1490,1490,-2.475,1.758
SAETVRVEEEEEEDWLDDTTEQSEIEPEPEPTPEEPVNQFTGYLKLTD,5581.743,4.05,0.062,109.06,0.208,0.188,0.375,6990,6990,-1.358,-16.495
NIDATSTGNYN,1169.156,4.05,0.091,33.6,0.182,0.455,0.091,1490,1490,-1.055,-1.24
VYHENEEYQK,1338.378,4.752,0.2,46.4,0.3,0.1,0.3,2980,2980,-2.3,-2.173
VRTSHFSIRYIYNRVK,2039.343,11.0,0.188,-3.619,0.438,0.188,0.0,2980,2980,-0.55,3.818
RINWITGGIAIAM,1415.702,9.75,0.077,-2.315,0.385,0.231,0.231,5500,5500,1.008,0.76
IFLWLLWPVTLA,1471.825,5.525,0.25,67.892,0.75,0.083,0.417,11000,11000,2.033,-0.24
QYDSSIH,848.857,5.077,0.143,104.286,0.286,0.286,0.0,1490,1490,-1.229,-1.153
SGSIRFDSTLPGFE,1512.619,4.746,0.143,45.614,0.286,0.429,0.143,0,0,-0.221,-1.531
VPRISEYVVDVSYGL,1695.909,4.37,0.133,14.307,0.533,0.267,0.133,2980,2980,0.493,-1.264
GSLSQNHHT,979.993,6.918,0.0,21.911,0.111,0.444,0.111,0,0,-1.367,-0.066
RPRNSSDNGI,1115.158,9.599,0.0,28.8,0.1,0.6,0.0,0,0,-1.86,0.761
LQNLLQLPNFYYV,1624.876,5.524,0.231,97.208,0.615,0.231,0.308,2980,2980,0.308,-0.242
ASATDFWTVAFATFVD,1748.884,4.05,0.25,-6.412,0.375,0.062,0.25,5500,5500,0.825,-2.199
NCNFNLSTLLRLVHTDSF,2094.35,6.735,0.111,16.706,0.389,0.278,0.222,0,0,0.156,-0.162
FVSADGELPVAISGDKVFVRDGNTDNLVFVNKTSLPTN,4037.441,4.36,0.079,14.063,0.342,0.316,0.158,0,0,0.011,-2.235
RNFDEQNCDVL,1352.429,4.05,0.091,50.264,0.273,0.182,0.182,0,0,-1.109,-2.245
VDNVYVTYA,1043.127,4.05,0.222,0.689,0.556,0.111,0.111,2980,2980,0.456,-1.267
LVSGTATA,718.796,5.525,0.0,-1.863,0.25,0.25,0.375,0,0,1.125,-0.24
TSKDTLDDILQQANKS,1776.896,4.427,0.0,59.231,0.188,0.188,0.188,0,0,-1.119,-1.6
SGSLGDSGKLLSELLKEKY,2024.272,5.903,0.053,16.342,0.316,0.368,0.368,1490,1490,-0.468,-0.537
LHPDSATL,852.931,5.077,0.0,19.8,0.25,0.25,0.375,0,0,-0.05,-1.152
NFEDWHYA,1081.093,4.353,0.375,128.162,0.375,0.125,0.25,6990,6990,-1.413,-2.15
DIMKAVAAALKSLGFD,1649.948,6.135,0.062,11.781,0.312,0.125,0.438,0,0,0.762,-0.236
FLDGLDLTPVIDDV,1531.701,4.05,0.071,23.043,0.5,0.143,0.214,0,0,0.743,-4.235
SGFLQSSNYKIDTTSSSC,1925.035,5.551,0.111,89.111,0.222,0.444,0.056,1490,1490,-0.483,-0.551
KPLADDDSA,930.956,4.05,0.0,12.478,0.111,0.222,0.333,0,0,-1.044,-2.238
VLYSDNGV,865.927,4.05,0.125,-10.037,0.5,0.375,0.125,1490,1490,0.338,-1.266
DYCIPYN,886.967,4.05,0.286,4.457,0.429,0.286,0.0,2980,2980,-0.6,-1.251
DQLTPTWRVY,1278.412,5.836,0.2,-13.57,0.4,0.1,0.1,6990,6990,-0.87,-0.24
GTTPQKLFVANYSQDVKQ,2024.234,8.497,0.111,43.644,0.278,0.222,0.111,1490,1490,-0.778,0.758
CRFVSLDLQDCIVGI,1680.986,4.208,0.067,26.927,0.467,0.133,0.133,0,125,1.107,-1.257
ANSLDNLKSG,1018.079,5.88,0.0,0.51,0.2,0.5,0.3,0,0,-0.7,-0.204
ISEYVVDVSYGL,1343.477,4.05,0.167,5.617,0.583,0.25,0.167,2980,2980,0.775,-2.238
DLPSGFNTLKPIFKL,1689.991,8.591,0.133,2.987,0.4,0.333,0.2,0,0,0.107,0.759
SSKVVLSD,833.927,5.805,0.0,22.213,0.375,0.375,0.125,0,0,0.3,-0.537
ALNVFVSHT,987.11,6.786,0.111,0.511,0.444,0.222,0.222,0,0,0.956,-0.117
DYIINRTFMIRS,1528.774,8.745,0.167,56.067,0.417,0.167,0.083,1490,1490,-0.05,0.76
KVKNTKVIKDRVMYSE,1938.295,9.823,0.062,8.475,0.312,0.125,0.125,1490,1490,-0.9,2.764
EFTDENYNN,1145.089,4.05,0.222,8.889,0.222,0.333,0.222,1490,1490,-2.244,-3.16
KLTVGDIFVLTSHSVATL,1901.207,6.744,0.056,0.011,0.444,0.167,0.222,0,0,1.022,-0.153
SQLPLDV,770.871,4.05,0.0,63.6,0.429,0.286,0.286,0,0,0.343,-1.539
KCKSKNPL,917.128,9.79,0.0,5.15,0.125,0.375,0.125,0,0,-1.413,2.747
ISRVELHTVIPDYVDVN,1969.198,4.536,0.059,1.335,0.471,0.176,0.118,1490,1490,0.206,-2.149
VYNNSGSNITQ,1196.224,5.494,0.091,35.327,0.273,0.545,0.0,1490,1490,-0.845,-0.267
LGTYYILDRVYLN,1602.827,5.834,0.231,15.408,0.615,0.154,0.231,4470,4470,0.277,-0.242
KPSFASSCKSHKPPSASCPIGTNYRSC,2841.206,9.421,0.074,86.004,0.111,0.481,0.074,1490,1615,-0.7,3.814
RNFTYDVNADYL,1490.572,4.208,0.25,19.583,0.417,0.167,0.167,2980,2980,-0.767,-1.24
DVYTKGKLQRLSKEH,1802.04,9.527,0.067,-1.627,0.267,0.133,0.2,1490,1490,-1.42,1.847
FHANSSE,790.778,5.472,0.143,63.6,0.143,0.429,0.286,0,0,-1.029,-1.145
FVLALLSDL,990.193,4.05,0.111,8.889,0.667,0.111,0.556,0,0,2.189,-1.239
IVDEPEEHVQ,1194.248,4.05,0.0,47.18,0.3,0.1,0.3,0,0,-0.94,-4.143
LNSSYFKLSIPTNF,1630.837,8.591,0.214,-17.286,0.429,0.429,0.143,1490,1490,0.057,0.758
NGNLYGFRDYIIN,1558.692,5.835,0.231,-15.392,0.462,0.385,0.077,2980,2980,-0.485,-0.241
FVAQQLVRSESAALSAQL,1918.155,6.002,0.056,65.956,0.333,0.167,0.444,0,0,0.494,-0.237
RVKNTKLYVNKTLYSE,1956.246,9.823,0.125,23.8,0.375,0.188,0.188,2980,2980,-0.969,2.763
AEELASPMKSDEGGLCPSTGQAM,2309.55,4.05,0.0,57.987,0.087,0.348,0.435,0,0,-0.417,-3.205
PSFYMPLLVSSDKAP,1651.92,6.255,0.133,122.514,0.333,0.4,0.267,1490,1490,0.16,-0.042
MYKEARAVNRKSK,1580.853,10.446,0.077,27.446,0.154,0.154,0.308,1490,1490,-1.546,3.499
NYVFNNSLTRQLQPIN,1921.117,8.748,0.125,53.825,0.375,0.375,0.125,1490,1490,-0.675,0.759
AGSTPCNGVEGFNCYFPLQSYGFQPTNGVGYQP,3500.78,4.05,0.182,25.861,0.273,0.455,0.091,4470,4595,-0.388,-1.224
SNGTYNCTDAVL,1257.327,4.05,0.083,14.333,0.25,0.333,0.167,1490,1490,-0.175,-1.55
VITSGDGTTSPISEHDYQIGGYTEKWESGVKD,3457.62,4.419,0.094,34.116,0.25,0.312,0.094,8480,8480,-0.834,-4.168
AWAAFYVYKLQPLT,1670.946,8.541,0.286,47.429,0.5,0.071,0.357,8480,8480,0.486,0.793
NATFLDLYYEMNLIQE,1977.194,4.05,0.188,32.125,0.438,0.125,0.438,2980,2980,-0.119,-3.23
ASFNKAINNIVA,1261.426,8.795,0.083,58.442,0.333,0.333,0.25,0,0,0.517,0.795
HFSIRYIYNRVKSGSPGD,2096.304,9.697,0.167,22.306,0.333,0.389,0.0,2980,2980,-0.806,1.849
DEIFRSDTLYLT,1472.595,4.05,0.167,49.308,0.417,0.083,0.25,1490,1490,-0.3,-2.236
ATSDWTDVRD,1165.167,4.17,0.1,-6.03,0.2,0.1,0.1,5500,5500,-1.21,-2.198
AELVPSTAAMLFDSHI,1701.937,4.353,0.062,80.662,0.312,0.188,0.438,0,0,0.769,-2.113
PDGLLFLHTVLLPTDY,1814.085,4.197,0.125,11.988,0.5,0.188,0.312,1490,1490,0.594,-1.953
FASTNIIRGWI,1277.47,9.75,0.182,38.873,0.455,0.273,0.091,5500,5500,0.664,0.76
PSSIKEMQSQSSHVAQ,1743.893,7.172,0.0,102.431,0.125,0.375,0.188,0,0,-0.894,0.048
DEPYTEDTSEI,1298.263,4.05,0.091,75.255,0.182,0.182,0.273,1490,1490,-1.645,-5.23
FNAEGDASWS,1083.065,4.05,0.2,9.0,0.2,0.4,0.3,5500,5500,-0.7,-2.236
CNIFSNFILNGINSGTTC,1918.154,5.511,0.111,18.422,0.333,0.444,0.056,0,125,0.561,-0.26
DHNFGSAGVVANG,1244.27,5.077,0.077,4.323,0.231,0.462,0.154,0,0,-0.069,-1.152
MSCDCGKKFDDQVG,1532.718,4.428,0.071,69.014,0.143,0.214,0.071,0,125,-0.679,-1.518
KTVYSDVENP,1151.223,4.37,0.1,-1.42,0.3,0.3,0.1,1490,1490,-1.04,-1.238
YYCLRACVSVPVSVIY,1835.193,8.033,0.188,87.987,0.562,0.188,0.125,4470,4595,1.269,0.737
SRRKRRSISASYRFV,1869.139,12.0,0.133,138.3,0.267,0.267,0.067,1490,1490,-1.173,5.458
IQNGFSATNSALAKIQSV,1849.05,8.75,0.056,12.439,0.278,0.333,0.222,0,0,0.211,0.759
DSKTQSLLIVNNATNV,1716.887,5.836,0.0,29.462,0.312,0.312,0.188,0,0,-0.131,-0.24
GMPTTFLFSLYLGTL,1660.969,5.524,0.2,41.193,0.467,0.267,0.333,1490,1490,1.073,-0.241
LQNSRTPKY,1106.232,9.994,0.111,66.511,0.222,0.333,0.111,1490,1490,-1.778,1.758
ETNILLNVPLHGT,1420.61,5.243,0.0,46.592,0.385,0.308,0.308,0,0,0.231,-1.076
EHPDVDGL,880.899,4.05,0.0,-32.488,0.25,0.25,0.25,0,0,-0.963,-3.074
WNCNVDKYPSNSI,1539.667,5.828,0.154,22.723,0.308,0.462,0.0,6990,6990,-0.931,-0.251
QPTDNST,761.735,4.05,0.0,36.086,0.0,0.429,0.0,0,0,-2.043,-1.239
RNPNNNAATVLQLPQGT,1807.961,9.75,0.0,51.818,0.176,0.412,0.235,0,0,-0.888,0.76
TYVSNSGNLLGFK,1399.547,8.256,0.154,-8.862,0.385,0.462,0.154,1490,1490,-0.054,0.396
NVLYENQKQI,1248.385,6.001,0.1,17.56,0.4,0.2,0.2,1490,1490,-1.02,-0.239
KVDTSNPKTPK,1214.369,9.703,0.0,-28.573,0.091,0.364,0.0,0,0,-1.809,1.758
IKNVNSV,772.89,8.75,0.0,-3.557,0.429,0.429,0.0,0,0,0.171,0.759
NESYNNYVPSYVKPDSVSTSDLGSLID,2964.106,4.05,0.111,31.511,0.333,0.444,0.111,4470,4470,-0.619,-3.235
DNSIQGSYER,1168.171,4.37,0.1,1.46,0.2,0.4,0.1,1490,1490,-1.73,-1.237
GERVRQSLLKT,1286.481,10.835,0.0,51.973,0.273,0.182,0.273,0,0,-0.909,1.762
WAAFYVYKLQPLTFLLDF,2235.618,5.834,0.333,41.778,0.611,0.056,0.333,8480,8480,0.817,-0.242
YLSSCCGTPAK,1129.307,8.045,0.091,66.027,0.182,0.364,0.182,1490,1615,0.1,0.738
ASPNECNQMC,1096.216,4.05,0.0,89.34,0.0,0.4,0.3,0,125,-0.77,-1.221
VFAQVKQI,932.117,8.72,0.125,25.275,0.5,0.0,0.125,0,0,0.825,0.733
STIVIGSV,774.902,5.24,0.0,-1.863,0.5,0.375,0.0,0,0,1.837,-0.54
HVSTFVGILPPTVREI,1765.061,6.75,0.062,54.625,0.438,0.25,0.125,0,0,0.7,-0.15
GTRPEKF,833.932,8.748,0.143,48.786,0.143,0.286,0.143,0,0,-1.686,0.762
EGNYYRITSRIMFEPR,2032.282,8.685,0.188,20.575,0.312,0.25,0.188,2980,2980,-1.025,0.838
VSSIKGDKGV,989.124,8.562,0.0,-5.7,0.3,0.4,0.0,0,0,-0.08,0.733
DLGDELGTDPIEDYEQNWNTKHGSGAL,2975.05,4.05,0.074,24.833,0.222,0.296,0.259,6990,6990,-1.185,-6.142
GVRRKNSEPE,1171.264,8.746,0.0,122.18,0.1,0.4,0.2,0,0,-2.2,0.77
DHNFGSAGVVANGVKA,1542.651,6.744,0.062,3.587,0.25,0.375,0.188,0,0,0.075,-0.153
VMRYNLNFSANS,1415.573,8.718,0.167,-15.925,0.333,0.417,0.25,1490,1490,-0.283,0.733
AIDVLKKLLSSLTLTVKFVVES,2403.895,8.541,0.045,18.027,0.5,0.136,0.318,0,0,1.018,0.797
NAAIVLQLPQGTTLP,1535.783,5.525,0.0,58.267,0.333,0.267,0.333,0,0,0.547,-0.24
VINGCKDT,848.964,5.8,0.0,-28.825,0.25,0.25,0.0,0,0,-0.1,-0.276
PFGEVFNATKFPSVYAW,1960.189,6.421,0.294,48.459,0.412,0.294,0.176,6990,6990,0.129,-0.041
RGRKTQPK,970.131,12.0,0.0,12.788,0.0,0.25,0.0,0,0,-2.875,3.758
DTIQADQQVDRL,1401.479,4.05,0.0,-19.475,0.25,0.0,0.167,0,0,-0.992,-2.237
KDVVVESS,861.937,4.37,0.0,56.9,0.375,0.25,0.125,0,0,0.013,-1.237
VFDNFNQ,882.916,4.05,0.286,-6.043,0.429,0.286,0.0,0,0,-0.6,-1.265
RSESAALSAQLAKDK,1574.735,8.59,0.0,58.647,0.133,0.2,0.467,0,0,-0.693,0.762
RVKCSTI,805.986,9.508,0.0,4.457,0.286,0.143,0.0,0,0,0.186,1.749
ENYIKWPWWVWLII,1946.294,6.1,0.357,3.914,0.714,0.143,0.143,23490,23490,0.293,-0.165
LTNAKPPKYS,1118.283,9.703,0.1,5.69,0.2,0.4,0.2,1490,1490,-1.17,1.757
TNVNASSSEGF,1112.104,4.05,0.091,47.955,0.182,0.545,0.182,0,0,-0.473,-1.599
FVDVLVNVSATNIQ,1518.709,4.05,0.071,19.2,0.5,0.214,0.143,0,0,1.014,-1.239
RLDTIQADQQVDRL,1670.822,4.429,0.0,-15.264,0.286,0.0,0.214,0,0,-0.9,-1.237
TNYKLQSQIVTGLFKDCSRETSGLSP,2873.198,7.846,0.077,46.146,0.269,0.308,0.154,1490,1490,-0.515,0.389
APPAQYEL,887.976,4.05,0.125,62.125,0.25,0.25,0.5,1490,1490,-0.513,-1.202
SIPFSLAIQARLN,1429.663,9.465,0.077,21.831,0.385,0.308,0.308,0,0,0.638,0.46
LSFNNFF,887.977,5.525,0.429,-12.9,0.571,0.429,0.143,0,0,0.629,-0.24
YKQSCTGSPYIDDFNK,1866.012,5.951,0.188,124.606,0.25,0.312,0.0,2980,2980,-1.181,-0.252
DDVRQIAPGQTGVI,1468.611,4.208,0.0,30.736,0.286,0.214,0.071,0,0,-0.171,-1.238
RLDSIQADQQVDRLIT,1871.057,4.429,0.0,9.325,0.312,0.062,0.188,0,0,-0.556,-1.237
NLFASVKSSQSS,1254.346,8.75,0.083,91.533,0.25,0.5,0.167,0,0,-0.192,0.759
SFEAKPSGSVVEQAEG,1621.7,4.252,0.062,28.738,0.188,0.375,0.312,0,0,-0.494,-2.532
PQFAELVPSTAAMLFDSH,1961.198,4.354,0.111,54.911,0.278,0.222,0.389,0,0,0.306,-1.95
AISSNTDNE,949.916,4.085,0.0,20.856,0.111,0.444,0.222,0,0,-1.111,-2.195
EVTPSGTWLTYHGAIKL,1873.113,6.846,0.118,-4.653,0.353,0.235,0.235,6990,6990,-0.0,-0.078
TAASHAAV,726.778,6.402,0.0,8.75,0.125,0.125,0.5,0,0,0.838,-0.515
VKIQAVVNANAEALN,1553.758,5.972,0.0,1.753,0.333,0.2,0.4,0,0,0.447,-0.264
NSNQNTD,791.721,4.299,0.0,-14.329,0.0,0.571,0.0,0,0,-2.714,-1.236
VTRDKLEKLISTARDGVRRGDN,2499.782,9.97,0.0,16.286,0.227,0.182,0.182,0,0,-1.091,1.738
NIFANFILHDVNSGLT,1774.969,5.077,0.125,39.481,0.438,0.312,0.188,0,0,0.569,-1.152
LTFLLDFSVDGYIR,1658.89,4.208,0.214,-4.086,0.571,0.143,0.214,1490,1490,0.786,-1.239
NGNPRCKNLLKQYTSACKTIED,2496.818,8.821,0.045,42.418,0.182,0.273,0.182,1490,1615,-1.082,1.743
GTFCDNINS,970.015,4.05,0.111,83.389,0.222,0.444,0.0,0,0,-0.289,-1.249
GSEKGVAPGSA,959.012,6.001,0.0,36.391,0.091,0.545,0.273,0,0,-0.364,-0.238
QKDGVENTPPH,1221.277,5.321,0.0,18.882,0.091,0.364,0.091,0,0,-1.927,-1.15
VGILCIM,748.009,5.489,0.0,11.829,0.571,0.143,0.286,0,0,3.0,-0.276
GFRDYIINRTFMIRSCYS,2242.578,9.309,0.222,58.822,0.389,0.222,0.056,2980,2980,-0.128,1.749
FHQNASSLALLYRNL,1746.963,8.755,0.133,19.127,0.4,0.267,0.4,1490,1490,0.033,0.846
HKRTSTKSFNMVQAFGL,1952.24,11.166,0.118,42.518,0.235,0.235,0.176,0,0,-0.506,2.845
SEDGNIKN,875.88,4.369,0.0,90.6,0.125,0.5,0.125,0,0,-1.825,-1.537
DSIESVGG,762.762,4.05,0.0,116.638,0.25,0.5,0.125,0,0,-0.087,-2.236
QLVRSESAALSAQLA,1543.721,6.002,0.0,64.307,0.267,0.2,0.533,0,0,0.36,-0.237
PKPQRQRGHKNGQGEND,1946.049,10.002,0.0,23.294,0.0,0.412,0.059,0,0,-2.876,2.051
AINDKNTTVPRISEYVVDVSYGL,2553.817,4.558,0.087,5.426,0.391,0.261,0.13,2980,2980,-0.091,-1.202
FFNHTLVLLPDGCG,1532.761,5.076,0.143,12.271,0.429,0.286,0.214,0,0,0.743,-1.162
IKWPWWVWLIISVV,1825.243,8.75,0.286,3.914,0.786,0.143,0.071,22000,22000,1.429,0.759
VYYRATTTYKLSV,1564.779,9.526,0.231,-6.615,0.462,0.077,0.154,4470,4470,-0.092,1.73
KVEFENG,821.874,4.531,0.143,-25.029,0.286,0.286,0.286,0,0,-1.114,-1.235
AYSSPLQSYACWTHSCGYDYVYN,2678.86,5.078,0.261,120.983,0.348,0.304,0.13,12950,13075,-0.452,-1.141
LSQNQKL,829.941,8.75,0.0,13.186,0.286,0.286,0.286,0,0,-1.086,0.759
QQRFVYDAYQNLVGYY,2027.194,5.834,0.312,28.6,0.5,0.125,0.125,5960,5960,-0.675,-0.243
GQGVPLN,683.753,5.525,0.0,36.086,0.286,0.571,0.143,0,0,-0.2,-0.24
GHFDGQQGEV,1073.073,4.353,0.1,22.69,0.2,0.3,0.1,0,0,-1.14,-2.149
PFLSDFINGIFAKVKNT,1911.203,9.006,0.176,-9.212,0.412,0.294,0.118,0,0,0.318,0.958
GNCDVVIGIVNNTVY,1579.772,4.05,0.067,-7.413,0.467,0.333,0.0,1490,1490,0.767,-1.25
CYVNLPTYYIYDEEGGNDLS,2328.462,4.05,0.2,55.365,0.4,0.3,0.2,5960,5960,-0.565,-4.246
VRLQAGTATEYASNSS,1654.733,5.972,0.062,63.319,0.188,0.312,0.312,1490,1490,-0.444,-0.264
IQQTFFDKTWPRPIDVSKADG,2449.715,6.039,0.143,20.786,0.286,0.19,0.048,5500,5500,-0.757,-0.239
YLVQQES,865.927,4.05,0.143,91.114,0.429,0.143,0.286,1490,1490,-0.657,-1.238
KIMKDDGNC,1023.185,5.953,0.0,-13.178,0.111,0.222,0.111,0,0,-1.089,-0.25
DDKYKVNEN,1124.158,4.558,0.111,-9.978,0.222,0.222,0.111,1490,1490,-2.489,-1.238
GMPTTFLFSLYLGTLL,1774.127,5.524,0.188,39.244,0.5,0.25,0.375,1490,1490,1.244,-0.241
KGEGDGGITSEGNALYNNEGG,2039.031,4.05,0.048,14.729,0.143,0.524,0.238,1490,1490,-1.138,-3.232
YKQSFSNPT,1071.14,8.591,0.222,80.778,0.222,0.444,0.0,1490,1490,-1.478,0.758
IPFAQSIFYRLNG,1525.748,8.748,0.231,56.139,0.462,0.308,0.154,1490,1490,0.354,0.759
TFMYTYNITEDEILE,1882.048,4.05,0.2,108.34,0.4,0.067,0.333,2980,2980,-0.313,-4.589
YDFTEHK,938.979,5.321,0.286,82.2,0.286,0.0,0.143,1490,1490,-1.9,-1.151
WVWLIISVVFVVLLSL,1886.364,5.525,0.188,11.781,0.875,0.125,0.25,11000,11000,2.787,-0.24
HNFGSAGVVANGVKAK,1555.736,10.003,0.062,3.587,0.25,0.375,0.188,0,0,0.05,1.845
SFRLFARTRSMWSF,1792.071,12.0,0.286,40.671,0.357,0.214,0.214,5500,5500,-0.114,2.46
TYVSNSGNLLGF,1271.375,5.185,0.167,2.092,0.417,0.5,0.167,1490,1490,0.267,-0.603
IFAKVKNTKVIKDRVM,1890.34,10.462,0.062,-18.363,0.375,0.062,0.125,0,0,0.019,3.757
LTFLLDFSVDGY,1389.547,4.05,0.25,-6.433,0.583,0.167,0.25,1490,1490,0.917,-2.239
FNYRIDTTATSC,1391.505,5.829,0.167,9.717,0.25,0.167,0.083,1490,1490,-0.342,-0.25
LPDTPSTLTPRSVRSVPGEMRLASIAFNHPIQVDQLNSSY,4395.904,6.755,0.05,33.32,0.275,0.35,0.2,1490,1490,-0.318,-0.149
CPIVVAV,699.902,5.518,0.0,23.957,0.571,0.143,0.143,0,0,2.829,-0.25
ESDDYIATNGPLKVGGSCVLSGHNLA,2617.841,4.537,0.038,19.158,0.269,0.385,0.231,1490,1490,-0.069,-2.086
NGAIRFDSTLSGFETIM,1859.064,4.37,0.118,14.165,0.294,0.294,0.235,0,0,0.194,-1.236
IIRSSNQSLAG,1145.267,9.75,0.0,99.636,0.273,0.455,0.182,0,0,0.027,0.76
DQLNSSY,825.82,4.05,0.143,36.086,0.286,0.429,0.143,1490,1490,-1.371,-1.24
SSMRGVYYPDEIFRSDT,2023.183,4.556,0.176,45.294,0.294,0.294,0.118,2980,2980,-0.812,-1.537
VVCHSQTSLRC,1232.433,8.055,0.0,73.745,0.273,0.182,0.091,0,125,0.336,0.801
YSSNEEQA,926.881,4.05,0.125,97.65,0.125,0.375,0.375,1490,1490,-1.887,-2.235
KDTEKYC,885.981,6.061,0.143,14.614,0.143,0.0,0.143,1490,1490,-2.043,-0.249
KHLNNYDCCL,1222.394,6.725,0.1,51.94,0.3,0.2,0.2,1490,1615,-0.63,-0.173
KRGPSQNF,933.023,11.001,0.125,68.25,0.125,0.5,0.0,0,0,-1.925,1.759
MHVGYYPSNHIEVVS,1731.925,5.941,0.133,124.08,0.4,0.333,0.133,2980,2980,-0.04,-1.324
WGQDYHPD,1017.008,4.513,0.25,22.263,0.25,0.25,0.0,6990,6990,-2.237,-2.148
QKVEQPKIEPKP,1420.653,8.498,0.0,73.5,0.167,0.25,0.167,0,0,-1.817,0.763
QTVDSSQGSE,1036.993,4.085,0.0,71.01,0.1,0.4,0.1,0,0,-1.33,-2.231
VDRDPSSDEAI,1203.213,4.05,0.0,23.591,0.182,0.273,0.182,0,0,-1.018,-3.26
QKPFLSDFNNGIFSRV,1869.084,8.748,0.188,9.325,0.375,0.375,0.062,0,0,-0.319,0.76
FNKYKYFS,1096.234,9.528,0.5,38.35,0.5,0.25,0.0,2980,2980,-1.138,1.756
YYVKWPWYVWLLIC,1932.33,8.155,0.429,22.8,0.786,0.071,0.143,20970,20970,0.779,0.746
VDGVNFTNR,1021.085,5.807,0.111,-41.211,0.333,0.333,0.0,0,0,-0.544,-0.265
FGSPFITNGM,1070.218,5.525,0.2,42.14,0.3,0.5,0.1,0,0,0.46,-0.24
PVYFLRYSGAIKLDPK,1867.194,9.555,0.188,8.106,0.438,0.25,0.188,2980,2980,-0.119,1.956
IPFGPSSQPYYCFI,1618.848,5.517,0.286,84.829,0.429,0.429,0.0,2980,2980,0.3,-0.252
VDSSQGSEYD,1086.021,4.05,0.1,94.69,0.2,0.4,0.1,1490,1490,-1.39,-3.259
VYLNTTLFLNGY,1417.604,5.494,0.25,-23.792,0.583,0.25,0.25,2980,2980,0.583,-0.268
FLGWSYDTCVSNNR,1661.792,5.829,0.214,18.893,0.357,0.357,0.071,6990,6990,-0.471,-0.25
LVKIQAVVNANAEAL,1552.813,6.001,0.0,1.753,0.4,0.133,0.467,0,0,0.933,-0.238
SLNGNTSVCVRTSH,1474.599,7.992,0.0,-18.964,0.214,0.429,0.071,0,0,-0.3,0.537
PSDSCNNVNVRDLQ,1560.645,4.208,0.0,83.371,0.214,0.429,0.071,0,0,-1.0,-1.049
QRITTIQGPPGSGKSHC,1766.976,9.508,0.0,15.747,0.118,0.412,0.0,0,0,-0.853,1.836
PFMDNAINVGGTGL,1405.575,4.05,0.071,13.664,0.286,0.429,0.214,0,0,0.357,-1.04
TINDDEDVVTGDNDDEDVVTGDNDDEDVVTGDNDDEDVVTGDNDDEDVVTGDNDDEDVVTGDNDDEDVVTGDNDDEDVVTGDNDDEDVVTGDNDDEDVVTGDNDDEDVVTGDNDDEDVVTGDNDDEDVVTGDNDDEDVVTGDNNDE,15544.451,4.05,0.0,12.118,0.199,0.205,0.103,0,0,-1.384,-72.491
VEYLQITSTPIVVDCSTY,2031.283,4.05,0.111,14.489,0.444,0.167,0.111,2980,2980,0.528,-2.274
HMNT,501.557,6.741,0.0,-13.725,0.0,0.25,0.25,0,0,-1.375,-0.153
VSNSGNL,689.715,5.495,0.0,-3.557,0.286,0.714,0.143,0,0,-0.143,-0.266
FWTVAFATFVDVLVNV,1828.113,4.05,0.25,-1.7,0.625,0.062,0.188,5500,5500,1.719,-1.239
TVESGDIN,833.84,4.05,0.0,32.825,0.25,0.375,0.125,0,0,-0.463,-2.598
FSKQLQQSM,1096.257,8.75,0.111,141.6,0.222,0.222,0.222,0,0,-0.833,0.759
AERPFTS,806.863,6.047,0.143,63.6,0.143,0.286,0.286,0,0,-0.929,-0.201
YSVDKCT,814.903,5.828,0.143,21.543,0.286,0.143,0.0,1490,1490,-0.5,-0.251
FDSSKPVTKKY,1299.471,9.528,0.182,58.264,0.273,0.273,0.0,1490,1490,-1.218,1.757
ISRVELHTVIPDYVD,1755.964,4.748,0.067,0.18,0.467,0.133,0.133,1490,1490,0.187,-2.146
KKACCKTG,838.051,9.39,0.0,53.062,0.0,0.125,0.125,0,125,-0.75,2.737
NNGIFSRVKNTKL,1490.706,11.166,0.077,-9.323,0.308,0.385,0.077,0,0,-0.723,2.758
TPCGTGTSTD,938.956,4.297,0.0,-24.01,0.0,0.4,0.0,0,0,-0.7,-1.607
WPWYVWLLISFSFIIFLV,2329.817,5.524,0.389,14.7,0.833,0.167,0.167,17990,17990,1.917,-0.241
SFELLNAPATVC,1264.447,4.05,0.083,41.267,0.333,0.25,0.417,0,0,0.883,-1.547
KAAGGKVSFSDDVEVKDIEP,2091.275,4.438,0.05,37.34,0.25,0.25,0.2,0,0,-0.485,-2.234
AYDLACCMR,1045.257,5.864,0.111,111.867,0.222,0.0,0.444,1490,1615,0.556,-0.224
NLRQDDSVR,1102.159,5.961,0.0,94.489,0.222,0.222,0.111,0,0,-1.756,-0.238
NNCTFEYVSQPFLMDLE,2050.267,4.05,0.176,68.141,0.353,0.235,0.294,1490,1490,-0.212,-3.239
MKCNHCDEVSWQT,1580.764,5.302,0.077,24.046,0.154,0.154,0.154,5500,5625,-0.954,-1.429
GPNVNKGEDI,1042.101,4.37,0.0,35.91,0.2,0.5,0.1,0,0,-1.16,-1.237
RKAWAAFYVYKLQPL,1854.2,9.997,0.267,44.934,0.467,0.067,0.333,8480,8480,-0.06,2.756
NNCTFEYVSQPFLMDLEG,2107.319,4.05,0.167,64.911,0.333,0.278,0.278,1490,1490,-0.222,-3.244
FSLYLGTLLSHYY,1576.788,6.738,0.308,45.992,0.615,0.231,0.308,4470,4470,0.631,-0.156
YEGGCNTIELDSPC,1500.606,4.05,0.071,77.793,0.214,0.357,0.214,1490,1615,-0.421,-3.254
GWLVASGSTVAMT,1279.462,5.525,0.077,26.0,0.308,0.308,0.308,5500,5500,1.0,-0.24
TNFTIVGQEEFIQTN,1740.864,4.05,0.133,2.527,0.333,0.2,0.133,0,0,-0.313,-2.596
LKDVTKENQE,1203.3,4.936,0.0,3.74,0.2,0.1,0.3,0,0,-1.8,-1.23
LAQVLTEVVYS,1221.399,4.05,0.091,12.891,0.545,0.091,0.364,1490,1490,1.109,-1.238
LAKIQSVVNSNAQALN,1669.877,8.75,0.0,31.531,0.312,0.312,0.312,0,0,0.181,0.759
TPNGPQVK,839.936,8.41,0.0,1.013,0.125,0.5,0.0,0,0,-1.375,0.397
SGKERARTVGG,1117.217,10.834,0.0,4.873,0.091,0.364,0.182,0,0,-1.191,1.462
SPFNSLLC,880.02,5.238,0.125,87.75,0.375,0.5,0.25,0,0,0.775,-0.55
LNAFVSQVLN,1104.256,5.525,0.1,20.72,0.5,0.3,0.3,0,0,0.93,-0.24
DMYDPTTKNVTGSNES,1758.815,4.05,0.062,40.4,0.125,0.375,0.125,1490,1490,-1.394,-2.237
LKQADLS,773.875,5.836,0.0,18.086,0.286,0.143,0.429,0,0,-0.329,-0.24
PPPSFYMPLLVSSDK,1677.957,6.255,0.133,135.354,0.333,0.467,0.2,1490,1490,-0.067,-0.042
DLPSGFNTLKPIFK,1576.833,8.591,0.143,8.55,0.357,0.357,0.143,0,0,-0.157,0.759
GFKDFVTNKTYNIF,1693.895,8.497,0.286,24.664,0.429,0.214,0.0,1490,1490,-0.307,0.758
IADPGYMQGYDDCMQQGPA,2060.244,4.05,0.105,61.153,0.158,0.263,0.211,2980,2980,-0.716,-3.248
SFELLNAPATVCG,1321.498,4.05,0.077,38.862,0.308,0.308,0.385,0,0,0.785,-1.547
LSTDTGV,691.728,4.05,0.0,-25.029,0.286,0.286,0.143,0,0,0.271,-1.239
VGSCIKSVVRHL,1297.57,9.507,0.0,38.233,0.417,0.25,0.083,0,0,0.817,1.81
PFDVIVAWHVVRDP,1649.889,5.218,0.143,42.707,0.5,0.143,0.071,5500,5500,0.507,-0.952
VIMHLQWLV,1138.424,6.711,0.111,122.467,0.667,0.0,0.333,5500,5500,1.644,-0.179
NGIFAKVKNTKVIKDR,1831.167,10.462,0.062,-33.062,0.312,0.188,0.062,0,0,-0.606,3.757
TAFAVIGDLKCTS,1325.53,5.497,0.077,27.777,0.308,0.154,0.231,0,0,0.877,-0.612
MRGVYYPDEIFRSDT,1849.028,4.557,0.2,37.16,0.333,0.2,0.133,2980,2980,-0.813,-1.497
DGAKTEPTGYGVRRKNSEPEIPHF,2685.901,6.766,0.083,61.146,0.167,0.333,0.167,1490,1490,-1.404,-0.146
PITAYDPRSCSQKK,1593.803,9.262,0.071,89.243,0.143,0.286,0.071,1490,1490,-1.236,1.947
SEISTLENKSAEL,1420.519,4.252,0.0,57.077,0.231,0.308,0.462,0,0,-0.546,-2.532
IDAPCYCFNAEGDASWSS,1936.039,4.05,0.167,26.656,0.222,0.333,0.222,6990,7115,-0.161,-3.256
SYFIASFRLFAR,1477.707,10.834,0.333,9.167,0.5,0.167,0.25,1490,1490,0.7,1.459
NDLYPFVS,954.033,4.05,0.25,48.25,0.5,0.375,0.125,1490,1490,0.013,-1.24
PTEPKKDKKKKTDE,1671.89,9.348,0.0,30.736,0.0,0.143,0.143,0,0,-3.0,1.966
PDYNTYKNTCDGTT,1592.639,4.208,0.143,-0.536,0.143,0.286,0.0,2980,2980,-1.629,-1.052
SNNQEDFD,967.89,4.05,0.125,53.475,0.125,0.375,0.125,0,0,-2.375,-3.532
VVFVVLLSLLVF,1347.726,5.495,0.167,9.167,0.917,0.083,0.333,0,0,3.417,-0.266
SFELLHAPATVCGPKK,1697.995,7.947,0.062,33.45,0.25,0.25,0.312,0,0,0.069,0.538
WRHSYTCDYV,1329.439,6.734,0.3,39.03,0.4,0.1,0.0,8480,8480,-0.95,-0.164
TPGTNASSE,862.839,4.595,0.0,25.556,0.0,0.556,0.222,0,0,-1.133,-1.594
PSGGNVVPYYSWFS,1559.675,5.945,0.286,48.364,0.429,0.571,0.0,8480,8480,-0.157,-0.043
IQSDRKA,816.903,8.748,0.0,60.571,0.143,0.143,0.143,0,0,-1.414,0.76
SVKRDGVQV,987.112,8.463,0.0,33.533,0.333,0.222,0.0,0,0,-0.444,0.46
PKGPEIR,795.927,9.177,0.0,48.786,0.143,0.429,0.143,0,0,-1.571,0.96
NQKILAASFNKAIN,1531.755,10.003,0.071,28.507,0.286,0.286,0.286,0,0,-0.114,1.758
RIPDVPT,796.911,5.836,0.0,21.2,0.286,0.286,0.0,0,0,-0.457,-0.239
ANNYSKLFDEGY,1420.478,4.37,0.25,5.3,0.333,0.333,0.25,2980,2980,-1.108,-1.203
SDWTDVRDYKLANDVKDT,2141.251,4.283,0.111,-13.572,0.278,0.111,0.111,6990,6990,-1.317,-2.537
QQLLAYYNFLTVCKWSVVVNG,2445.831,8.175,0.19,10.257,0.524,0.19,0.19,8480,8480,0.571,0.747
LGTYYVLDRVYLNTTL,1904.166,5.834,0.188,-2.95,0.562,0.125,0.25,4470,4470,0.356,-0.242
KLMCCLGPD,979.238,6.073,0.0,12.478,0.222,0.222,0.333,0,125,0.567,-0.256
ITHALYLDYVQCKCG,1727.013,6.724,0.133,4.307,0.4,0.067,0.2,2980,3105,0.353,-0.174
AALALLLLDRLNQ,1423.699,5.881,0.0,-2.369,0.462,0.077,0.692,0,0,1.015,-0.203
RNPNNNAATVLQLPQG,1706.857,9.75,0.0,59.738,0.188,0.438,0.25,0,0,-0.9,0.76
IFRSDTLYLTQDL,1584.768,4.208,0.154,40.485,0.462,0.077,0.231,1490,1490,0.015,-1.239
NQKILAASFNKAI,1417.652,10.003,0.077,29.931,0.308,0.231,0.308,0,0,0.146,1.758
YKLQPLTFLLDFSV,1683.983,5.835,0.214,43.693,0.571,0.143,0.286,1490,1490,0.693,-0.241
EGDGISTPKLKE,1273.389,4.936,0.0,-12.058,0.167,0.333,0.25,0,0,-1.158,-1.156
RAVRSHPDFK,1212.361,10.835,0.1,19.95,0.2,0.2,0.1,0,0,-1.32,1.847
LSYYKLGASQRV,1384.579,9.7,0.167,21.35,0.417,0.25,0.25,2980,2980,-0.242,1.757
YISSNGPLK,978.1,8.591,0.111,4.156,0.333,0.556,0.111,1490,1490,-0.444,0.758
GGDLLYLDLLNRLQ,1602.829,4.208,0.071,41.386,0.5,0.214,0.429,1490,1490,0.157,-1.239
DDKDPQF,863.868,4.05,0.143,13.186,0.143,0.143,0.0,0,0,-2.386,-2.238
ATGSDVNCNGYQHNSVV,1764.827,5.078,0.059,2.818,0.235,0.412,0.059,1490,1490,-0.482,-1.127
LCVDTSHFT,1022.132,5.076,0.111,-44.411,0.333,0.111,0.111,0,0,0.489,-1.162
CPFGEVFNATKFPSVY,1806.045,5.994,0.25,48.1,0.375,0.312,0.125,1490,1490,0.237,-0.249
GLQNLLQLPNFYYV,1681.927,5.524,0.214,90.979,0.571,0.286,0.286,2980,2980,0.257,-0.242
YMNSQGLLPPKNSID,1676.888,6.086,0.067,77.147,0.267,0.467,0.2,1490,1490,-0.693,-0.238
IPTNFTIVGQEEFIQT,1837.034,4.05,0.125,10.588,0.375,0.188,0.125,0,0,0.106,-2.234
ARGSSAARLEPCNGTDI,1717.859,6.106,0.0,8.806,0.118,0.353,0.294,0,0,-0.471,-0.21
LDSIQADQQVDRL,1500.61,4.05,0.0,9.169,0.308,0.077,0.231,0,0,-0.631,-2.237
RSDTLYLTQDLFLPFYSN,2193.41,4.208,0.222,71.528,0.444,0.222,0.222,2980,2980,-0.272,-1.24
SFVVNAPNGLYFMHVG,1752.0,6.456,0.188,42.513,0.438,0.375,0.188,1490,1490,0.688,-0.454
NRFLYIIKLIFLWLLWP,2248.793,9.994,0.294,34.541,0.765,0.118,0.294,12490,12490,1.265,1.758
STLWYQKPFLSDFNNGI,2030.238,5.553,0.235,11.965,0.412,0.353,0.118,6990,6990,-0.394,-0.541
LVPQENYA,933.016,4.05,0.125,110.575,0.375,0.25,0.375,1490,1490,-0.45,-1.238
NQKLPNGVTVVEEPDSR,1882.037,4.679,0.0,46.206,0.235,0.353,0.176,0,0,-1.065,-1.234
KLSDFESEL,1067.147,4.137,0.111,33.878,0.333,0.222,0.444,0,0,-0.622,-2.234
NFTISVTTEILPVSMT,1753.022,4.05,0.062,53.063,0.375,0.25,0.188,0,0,0.806,-1.237
AAVDSKCL,805.94,5.872,0.0,38.113,0.25,0.125,0.375,0,0,0.738,-0.214
LDYINVTFLDLQVEMNR,2083.363,4.05,0.118,26.418,0.471,0.118,0.294,1490,1490,0.088,-2.236
QFAYANRNRFLYI,1675.886,9.986,0.308,31.138,0.462,0.154,0.231,2980,2980,-0.354,1.758
KQECCVQSS,1011.131,5.987,0.0,167.222,0.111,0.222,0.111,0,125,-0.756,-0.258
SVVQKDGVENTPP,1369.477,4.369,0.0,17.515,0.231,0.385,0.077,0,0,-0.8,-1.537
TGTTPQKLFVANYSQDV,1869.036,5.498,0.118,28.418,0.294,0.235,0.118,1490,1490,-0.429,-0.603
LVTTKLKGVRERGLNKVK,2039.469,11.166,0.0,-7.3,0.333,0.167,0.222,0,0,-0.544,4.759
SGNCDVVIG,862.948,4.05,0.0,17.656,0.333,0.444,0.0,0,0,0.756,-1.549
AVETCTIA,806.924,4.05,0.0,49.5,0.25,0.0,0.375,0,0,1.238,-1.211
SVRVLQKA,900.077,11.0,0.0,49.5,0.375,0.125,0.25,0,0,0.163,1.459
NVVIKVCEFQ,1178.401,5.994,0.1,-7.98,0.5,0.1,0.1,0,0,0.8,-0.248
RCNIFSNFILNGINSG,1768.989,8.25,0.125,24.781,0.375,0.5,0.062,0,0,0.281,0.75
VLSFELLNAPATVCGPKL,1872.232,5.965,0.056,26.128,0.389,0.278,0.389,0,0,0.917,-0.274
NDLVYSL,822.902,4.05,0.143,-2.2,0.571,0.286,0.286,1490,1490,0.386,-1.24
GLKKMAQ,774.972,10.003,0.0,60.643,0.143,0.143,0.429,0,0,-0.6,1.758
LLFLHTVLLPTDYK,1673.003,6.743,0.143,17.657,0.571,0.071,0.357,1490,1490,0.793,-0.154
YKVNCCR,885.066,8.903,0.143,-7.671,0.286,0.143,0.0,1490,1615,-0.571,1.738
PGGTTSGDATTAYA,1269.272,4.05,0.071,28.95,0.071,0.357,0.214,1490,1490,-0.414,-1.041
KNVDKDD,832.856,4.676,0.0,-25.029,0.143,0.143,0.0,0,0,-2.514,-1.235
LKPTFKSKGL,1118.369,10.302,0.1,-18.21,0.3,0.3,0.2,0,0,-0.48,2.757
RWPQIAELAPTASAFM,1789.062,6.002,0.125,69.25,0.25,0.188,0.438,5500,5500,0.194,-0.237
ISVAVPKSRVQQN,1425.633,11.001,0.0,53.677,0.308,0.308,0.077,0,0,-0.246,1.759
TRSTNSRIKASMPTTIAKNTVKSVGK,2777.205,12.0,0.0,30.873,0.154,0.308,0.115,0,0,-0.669,5.394
EDLTKGPHEFCSQHT,1728.837,5.276,0.067,24.327,0.133,0.2,0.2,0,0,-1.293,-1.996
TNEIGLNASVTLKIC,1575.825,5.662,0.0,-4.827,0.333,0.267,0.267,0,0,0.54,-0.61
SVKTQFNYFKK,1389.597,10.0,0.273,-20.9,0.364,0.182,0.0,1490,1490,-1.064,2.456
NIEAWLNDKSVPSPLN,1796.973,4.37,0.062,118.244,0.312,0.438,0.25,5500,5500,-0.563,-1.237
SSNYKIDTTSSSCQLYY,1960.079,5.55,0.176,51.565,0.294,0.353,0.059,4470,4470,-0.759,-0.553
SQNQKLIANAFNNAL,1645.814,8.465,0.067,11.487,0.267,0.333,0.333,0,0,-0.36,0.459
LLPTHWFCANQSTSVYS,1954.165,6.731,0.176,36.024,0.353,0.294,0.176,6990,6990,0.065,-0.164
IGAVGGDLLYLDLLNRLQALESGKVKQSQPKVITK,3766.389,9.403,0.029,45.42,0.371,0.229,0.286,1490,1490,0.011,1.76
GIAVLDMCASLKEL,1462.774,4.37,0.0,-2.843,0.357,0.143,0.5,0,0,1.143,-1.247
FNVSFVNDSIESVGG,1570.655,4.05,0.133,66.873,0.4,0.467,0.067,0,0,0.367,-2.236
HWFCANQSTSVYSANGF,1919.036,6.731,0.235,15.853,0.294,0.353,0.118,6990,6990,-0.206,-0.164
WLFVLLFG,994.228,5.525,0.375,24.175,0.875,0.125,0.375,5500,5500,2.488,-0.24
YYIYDEEGG,1108.111,4.05,0.333,98.844,0.444,0.222,0.222,4470,4470,-1.189,-3.236
DTLYLTQDLFLPFY,1748.967,4.05,0.286,57.722,0.571,0.071,0.286,2980,2980,0.336,-2.24
YLGGMSYYCENHKPHYS,2049.245,6.907,0.235,85.118,0.294,0.353,0.176,5960,5960,-1.076,-0.078
HIEVVSAYGLC,1190.368,5.24,0.091,81.264,0.455,0.182,0.273,1490,1490,1.073,-1.161
FEYVSQP,868.929,4.05,0.286,63.6,0.429,0.286,0.143,1490,1490,-0.529,-1.238
EGELLVQDL,1015.115,4.05,0.0,21.911,0.444,0.111,0.556,0,0,0.133,-3.159
GNKFYNVSTGLI,1312.47,8.591,0.167,41.917,0.417,0.417,0.083,1490,1490,0.067,0.758
RYNEVANAVMQNNELM,1896.109,4.531,0.062,-0.05,0.25,0.25,0.438,1490,1490,-0.669,-1.235
SCGVVAEH,800.88,5.218,0.0,40.075,0.25,0.25,0.25,0,0,0.6,-1.46
GWLVASGSTVAMTEQL,1649.862,4.05,0.062,47.075,0.312,0.25,0.375,5500,5500,0.613,-1.237
LPQSKDSNFLKRVRGS,1832.069,11.0,0.062,73.319,0.25,0.375,0.125,0,0,-1.069,2.759
DEDIGST,735.694,4.05,0.0,36.086,0.143,0.286,0.143,0,0,-1.129,-3.235
LDYDYAT,859.876,4.05,0.286,76.229,0.429,0.0,0.286,2980,2980,-0.671,-2.24
EDRSNNSSRASSRSSTRNNSRDSSRSTSRQQSRTRSDSNQSSSD,4909.832,11.699,0.0,143.482,0.0,0.523,0.045,0,0,-2.289,3.844
ICSNTPA,704.793,5.518,0.0,23.957,0.143,0.429,0.143,0,0,0.314,-0.25
LGIDLDE,773.828,4.05,0.0,-3.557,0.429,0.143,0.429,0,0,0.171,-3.23
IQEGFDATNSALV,1364.457,4.05,0.077,21.977,0.308,0.231,0.308,0,0,0.231,-2.236
TLKSGEG,690.743,5.664,0.0,-14.329,0.143,0.429,0.286,0,0,-0.843,-0.6
QKFKTICFSTVEVPGS,1771.042,8.198,0.125,12.019,0.312,0.25,0.062,0,0,0.075,0.751
RFASVYAWNRKRISN,1868.106,11.723,0.2,50.053,0.333,0.267,0.133,6990,6990,-0.873,3.758
CSKASSRS,824.903,9.508,0.0,111.825,0.0,0.5,0.125,0,0,-0.912,1.749
NFCPCKLNGSCVGS,1428.656,7.958,0.071,1.957,0.214,0.5,0.071,0,125,0.243,0.729
SEGNSITGVPYPVS,1406.493,4.05,0.071,47.243,0.286,0.571,0.071,1490,1490,-0.179,-1.538
GVFVQDP,760.834,4.05,0.143,36.086,0.429,0.286,0.0,0,0,0.314,-1.239
CSYVLNNISLAT,1297.477,5.517,0.083,45.783,0.417,0.333,0.25,1490,1490,0.833,-0.251
RGVYYPDEIFRSDT,1717.832,4.558,0.214,44.486,0.357,0.214,0.071,2980,2980,-1.007,-1.237
YFYYLGTGPHAKD,1531.665,6.75,0.308,30.739,0.385,0.231,0.154,4470,4470,-0.708,-0.152
IFSNFILNGINSGTT,1597.766,5.525,0.133,-9.187,0.4,0.467,0.067,0,0,0.573,-0.24
FQNCTAVGVR,1094.245,8.25,0.1,30.23,0.3,0.2,0.1,0,0,0.29,0.75
QLGCVFF,812.975,5.518,0.286,-2.2,0.571,0.143,0.143,0,0,1.743,-0.25
GFKPNNTSA,934.992,8.75,0.111,-25.622,0.111,0.556,0.111,0,0,-1.089,0.759
KDGKPVDHYDGFYT,1641.734,5.297,0.214,66.379,0.286,0.214,0.0,2980,2980,-1.443,-1.153
LTGCFSFVKML,1245.553,8.222,0.182,28.391,0.455,0.182,0.273,0,0,1.455,0.749
TNFTIVGQEEFIQT,1626.761,4.05,0.143,12.729,0.357,0.143,0.143,0,0,-0.086,-2.596
VLLVAYALLHIAGCQ,1583.935,6.702,0.067,49.387,0.533,0.067,0.467,1490,1490,1.84,-0.19
TLKQGEIKDATPSDFVRATA,2148.373,5.789,0.05,24.55,0.2,0.15,0.25,0,0,-0.525,-0.599
LYYSLPAINVTINNYNP,1969.196,5.523,0.176,32.641,0.471,0.412,0.176,4470,4470,-0.0,-0.243
VPTQPLPNASFDNFK,1674.85,5.806,0.133,31.013,0.267,0.4,0.133,0,0,-0.587,-0.266
LLPTHWFCANQSTSV,1703.915,6.732,0.133,44.52,0.333,0.267,0.2,5500,5500,0.213,-0.163
DSNGNLYGFRDYII,1646.754,4.208,0.214,0.179,0.429,0.357,0.071,2980,2980,-0.507,-1.24
APLVYLNHSVPKL,1450.723,8.641,0.077,26.531,0.462,0.308,0.308,1490,1490,0.438,0.881
ESIVRFPNITNL,1402.594,6.102,0.083,58.283,0.417,0.333,0.167,0,0,0.142,-0.163
VVLSFELLHAPATVC,1598.903,5.239,0.067,35.013,0.467,0.133,0.4,0,0,1.54,-1.186
MAQPSGF,736.836,5.275,0.143,81.229,0.143,0.429,0.286,0,0,0.029,-0.5
VKTTEVV,774.902,5.972,0.0,31.971,0.429,0.0,0.143,0,0,0.543,-0.264
IKIPTNFTIVGQEE,1588.799,4.857,0.071,-1.457,0.357,0.214,0.143,0,0,-0.057,-1.23
LSFELLNAPATVCGP,1531.771,4.05,0.067,35.013,0.333,0.333,0.4,0,0,0.827,-1.247
KSDIFGQDFKT,1285.402,5.96,0.182,6.082,0.273,0.182,0.0,0,0,-0.918,-0.24
GTCERSEA,851.882,4.531,0.0,77.137,0.0,0.25,0.375,0,0,-1.137,-1.244
IKEMQSQSSHVAQNTV,1786.96,6.749,0.0,73.05,0.188,0.25,0.188,0,0,-0.694,-0.151
APTMANQEKYST,1340.459,6.045,0.083,45.267,0.083,0.25,0.333,1490,1490,-1.167,-0.203
LPPHFDKSKKYP,1456.686,9.528,0.167,46.117,0.25,0.333,0.083,1490,1490,-1.558,1.844
FVIRGDEVRQIA,1402.597,6.07,0.083,18.142,0.417,0.083,0.167,0,0,0.175,-0.236
AAPEGLVFLHTVLLPTQ,1806.109,5.242,0.059,33.424,0.412,0.176,0.412,0,0,0.871,-1.114
YDGCAQG,712.728,4.05,0.143,42.4,0.143,0.286,0.143,1490,1490,-0.686,-1.25
NKFGAISSSLQEIL,1506.699,6.001,0.071,112.207,0.357,0.357,0.286,0,0,0.286,-0.238
DFAFNNWFLLTNTSS,1776.897,4.05,0.267,-5.447,0.4,0.333,0.2,5500,5500,-0.007,-1.239
QEGFDATNSALVKI,1492.629,4.37,0.071,13.0,0.286,0.214,0.286,0,0,-0.064,-1.237
QSLQTYVTQQLI,1421.594,5.524,0.083,75.642,0.417,0.083,0.167,1490,1490,-0.1,-0.241
ASIDEVSDDYVQDSTV,1742.746,4.05,0.062,33.45,0.312,0.188,0.125,1490,1490,-0.406,-5.198
PGTVLPQGYYIE,1336.488,4.6,0.167,74.017,0.417,0.333,0.167,2980,2980,-0.15,-1.035
VVNVVTTK,859.022,8.72,0.0,-1.863,0.5,0.125,0.0,0,0,1.0,0.733
CSYVLNNISLATQ,1425.606,5.517,0.077,37.231,0.385,0.308,0.231,1490,1490,0.5,-0.251
TKFLFNVYLGMA,1403.686,8.256,0.25,13.167,0.5,0.167,0.333,1490,1490,0.942,0.396
FNGIKVLPPILSE,1426.698,6.217,0.077,37.338,0.462,0.385,0.231,0,0,0.638,-0.233
KAWAAFYVYKLQPL,1698.014,9.528,0.286,47.429,0.5,0.071,0.357,8480,8480,0.257,1.756
GDGISTPKLKEDYQIGGYSEDRHSGV,2808.962,4.829,0.077,28.031,0.231,0.346,0.115,2980,2980,-1.108,-2.148
IAYENARQAYEDAIANGSSSQL,2371.472,4.137,0.091,39.632,0.227,0.273,0.364,2980,2980,-0.573,-2.235
NLVGYYSDDGNYYC,1645.699,4.05,0.286,8.721,0.429,0.357,0.071,5960,5960,-0.736,-2.252
ALLNGCRWWLCSTRVNVDGFNEWAMAN,3127.536,6.098,0.148,17.719,0.333,0.259,0.296,16500,16625,-0.004,-0.22
TPHSQISY,931.988,6.401,0.125,32.825,0.25,0.375,0.0,1490,1490,-0.925,-0.516
STKPVETSN,962.013,5.718,0.0,21.911,0.111,0.444,0.111,0,0,-1.256,-0.538
AFDKSAFT,885.96,5.88,0.25,13.562,0.25,0.125,0.25,0,0,0.037,-0.204
KIQSVVNSNAQALNS,1572.719,8.75,0.0,32.967,0.267,0.4,0.2,0,0,-0.233,0.759
NCYVNVACLML,1242.531,5.511,0.091,63.927,0.455,0.182,0.364,1490,1615,1.491,-0.261
VVISSDVL,830.966,4.05,0.0,32.825,0.625,0.25,0.125,0,0,1.975,-1.265
MKCNHCDEVS,1165.321,5.302,0.0,28.26,0.1,0.2,0.2,0,125,-0.73,-1.429
VWLIISVVFVVLLSLLVFCCLSTGCCGCCNCL,3424.318,5.456,0.094,22.028,0.562,0.188,0.219,5500,5875,2.362,-0.335
GRVSAAFHQNASSLA,1515.629,9.757,0.067,22.173,0.2,0.333,0.333,0,0,0.033,0.847
PPPSFYMPLLVSSDKA,1749.035,6.255,0.125,127.519,0.312,0.438,0.25,1490,1490,0.05,-0.042
VRPGNFNQDF,1193.268,5.807,0.2,8.92,0.3,0.4,0.0,0,0,-1.07,-0.265
LLNCALGAFAIFCCFLVT,1919.376,5.505,0.167,-1.589,0.5,0.111,0.389,0,125,2.256,-0.27
SSCQLYYSLPAINVT,1658.869,5.238,0.133,67.127,0.4,0.333,0.2,2980,2980,0.42,-0.552
TATAGWTFGAGAALQI,1535.698,5.185,0.125,25.169,0.25,0.188,0.375,5500,5500,0.775,-0.602
TRKVQQL,872.024,11.0,0.0,23.957,0.286,0.0,0.143,0,0,-1.157,1.397
IGKEQKCCMCNRRAAAYSSPLQ,2457.874,9.106,0.045,98.841,0.136,0.227,0.273,1490,1615,-0.573,2.73
FMYTYNITEDEILEW,1967.154,4.05,0.267,90.093,0.467,0.067,0.333,8480,8480,-0.327,-4.232
GWLIVGVALLAVFQS,1572.887,5.525,0.133,43.76,0.6,0.2,0.333,5500,5500,1.927,-0.24
GIFAKVKNTKVIKDRV,1816.195,10.462,0.062,-23.669,0.375,0.125,0.062,0,0,-0.125,3.757
YQKPFLSDFNNGI,1542.689,5.835,0.231,-5.646,0.385,0.385,0.077,1490,1490,-0.623,-0.241
SIKSLNNSY,1025.113,8.31,0.111,-0.544,0.333,0.556,0.111,1490,1490,-0.7,0.458
VRTSHFSIRYIYNRVKS,2126.42,11.0,0.176,-2.818,0.412,0.235,0.0,2980,2980,-0.565,3.818
HKGGDSTD,815.785,5.392,0.0,67.237,0.0,0.375,0.0,0,0,-2.05,-1.148
FAELVPSTAAMLFDSHIV,1948.242,4.353,0.111,68.094,0.389,0.167,0.389,0,0,1.072,-2.149
QDDIMKAVAAALKSLG,1630.904,5.96,0.0,16.106,0.25,0.125,0.438,0,0,0.369,-0.24
NAGGAPL,598.649,5.525,0.0,41.586,0.143,0.571,0.429,0,0,0.214,-0.24
APYVMLNTSIPNL,1432.683,5.569,0.077,15.3,0.385,0.385,0.308,1490,1490,0.538,-0.205
YKGIKVLPPLLSENQ,1698.999,8.498,0.067,20.187,0.4,0.333,0.267,1490,1490,-0.26,0.76
KASYDTNLNKFN,1414.519,8.497,0.167,23.583,0.25,0.333,0.167,1490,1490,-1.35,0.758
PWYIWLGFIAGLIAIV,1832.232,5.95,0.25,9.981,0.688,0.188,0.25,12490,12490,1.919,-0.042
NTLNDLN,802.83,4.05,0.0,-3.557,0.286,0.429,0.286,0,0,-1.014,-1.239
HNFQAISNSIQAIYD,1720.836,5.333,0.133,30.887,0.333,0.267,0.133,1490,1490,-0.247,-1.149
YDNKLKAKNDNSSL,1609.736,8.431,0.071,44.743,0.214,0.357,0.214,1490,1490,-1.621,0.758
FDITESKYSC,1192.295,4.37,0.2,92.46,0.3,0.2,0.1,1490,1490,-0.47,-1.248
DVEPTHK,824.878,5.321,0.0,69.914,0.143,0.143,0.143,0,0,-1.743,-1.15
KSRVQQNKSRE,1359.492,11.0,0.0,83.145,0.091,0.273,0.091,0,0,-2.564,2.766
INENQAVTQIPATS,1485.595,4.05,0.0,4.15,0.214,0.286,0.214,0,0,-0.321,-1.237
LNRALSGIAAEQDRN,1627.758,6.07,0.0,32.553,0.2,0.267,0.4,0,0,-0.68,-0.236
VVKQPVKFYLYK,1511.847,9.825,0.25,83.334,0.583,0.083,0.083,2980,2980,-0.017,2.729
MYKEARINDKKSKV,1710.007,9.822,0.071,14.071,0.214,0.143,0.214,1490,1490,-1.45,2.499
ADYSVLYNSASFSTFK,1799.929,5.879,0.25,2.388,0.375,0.312,0.188,2980,2980,-0.012,-0.206
ELDEFFKNVSTSIPN,1739.876,4.138,0.133,-2.607,0.333,0.333,0.2,0,0,-0.48,-2.16
NLVLYSDNGVFRVTSR,1840.044,8.745,0.125,6.713,0.438,0.312,0.125,1490,1490,-0.031,0.76
TPNVCFVKG,964.139,7.886,0.111,-3.744,0.333,0.333,0.0,0,0,0.4,0.387
VDKYYAFL,1018.162,5.805,0.375,24.375,0.625,0.0,0.25,2980,2980,0.325,-0.268
RNFFSPQIITTD,1438.583,6.088,0.167,59.592,0.333,0.25,0.0,0,0,-0.35,-0.236
TRNPNNNAATVLQL,1525.666,9.41,0.0,39.329,0.214,0.357,0.286,0,0,-0.686,0.398
MYICGDSTEC,1121.262,4.05,0.1,115.14,0.2,0.2,0.2,1490,1615,0.12,-2.517
VVLSFELLHAPATVCGP,1753.07,5.239,0.059,32.071,0.412,0.235,0.353,0,0,1.241,-1.186
VDDINFSP,905.948,4.05,0.125,26.1,0.375,0.375,0.0,0,0,-0.175,-2.264
DSVRNLFASVKSSQSS,1711.828,8.748,0.062,90.9,0.25,0.438,0.125,0,0,-0.431,0.76
NLTADETKAL,1075.17,4.37,0.0,0.51,0.2,0.1,0.5,0,0,-0.46,-1.237
QISKDSKFQ,1080.192,8.591,0.111,30.289,0.222,0.222,0.0,0,0,-1.4,0.759
RGDCKGFSSD,1071.122,6.129,0.1,11.28,0.1,0.4,0.0,0,0,-1.25,-0.245
VKHDVSPFEM,1188.353,5.319,0.1,69.32,0.3,0.2,0.2,0,0,-0.34,-1.176
IVNNATNVVIKVCEFQ,1791.076,5.994,0.062,-15.938,0.438,0.188,0.125,0,0,0.675,-0.248
FVLLVAYALLHI,1371.707,6.74,0.167,65.517,0.75,0.0,0.5,1490,1490,2.5,-0.154
FGGFNFSQILPDPLK,1679.911,5.836,0.2,35.373,0.4,0.4,0.133,0,0,0.087,-0.24
ASEVVVNN,830.883,4.05,0.0,32.825,0.375,0.375,0.25,0,0,0.388,-1.201
APGCDVNDVTK,1118.218,4.208,0.0,36.391,0.182,0.273,0.091,0,0,-0.4,-1.213
LLKDCPA,758.926,5.829,0.0,51.471,0.286,0.143,0.429,0,0,0.414,-0.25
IWLGFIAGLVALALCV,1659.086,5.518,0.125,12.375,0.625,0.125,0.438,5500,5500,2.6,-0.25
GFVDSDVETKDVVE,1538.608,4.05,0.071,12.307,0.357,0.143,0.143,0,0,-0.264,-4.227
MTTSTTNFGEDF,1350.407,4.05,0.167,-14.8,0.167,0.25,0.167,0,0,-0.583,-2.496
MDVDTHRY,1036.119,5.194,0.125,-38.25,0.25,0.0,0.125,1490,1490,-1.325,-1.411
INNGPHEF,926.972,5.24,0.125,-10.037,0.25,0.5,0.125,0,0,-1.05,-1.15
RGPNQNFG,888.927,9.75,0.125,-30.075,0.125,0.625,0.0,0,0,-1.825,0.76
ISGKERARTVGG,1230.375,10.835,0.0,5.3,0.167,0.333,0.167,0,0,-0.717,1.762
LISGSLGDSGKL,1146.291,5.836,0.0,11.067,0.333,0.5,0.25,0,0,0.408,-0.24
TSSMRGVYYPDEIFRS,1908.095,5.735,0.188,56.894,0.312,0.312,0.125,2980,2980,-0.644,-0.6
IFLVLLFFICCCTG,1592.04,5.505,0.214,26.507,0.643,0.071,0.214,0,125,2.814,-0.27
AMACLVGLMWLSYFIA,1789.231,5.561,0.188,58.994,0.5,0.125,0.5,6990,6990,1.95,-0.215
CYGSTVL,741.852,5.517,0.143,-3.557,0.429,0.286,0.143,1490,1490,1.043,-0.251
GDEVRQIAPGQTGKIADYNYKLP,2533.79,6.12,0.087,16.23,0.261,0.261,0.174,2980,2980,-0.887,-0.239
AKVKNTKVIKDRVMYSE,2009.373,9.824,0.059,8.565,0.294,0.118,0.176,1490,1490,-0.741,2.8
CLVGLMWLSYFIAS,1602.956,5.517,0.214,25.793,0.571,0.214,0.357,6990,6990,1.779,-0.251
NQKLIANAFNNALYA,1664.859,8.591,0.133,14.433,0.333,0.267,0.4,1490,1490,-0.04,0.758
DFNHNMGDSDLVQNGVDAKGFP,2377.501,4.134,0.091,16.868,0.227,0.364,0.136,0,0,-0.782,-3.149
VDVMRYNLNFSANSLDNL,2085.297,4.208,0.111,-15.633,0.389,0.333,0.278,1490,1490,-0.117,-1.265
KPPFLSDFINGIFA,1565.809,5.836,0.214,9.229,0.429,0.357,0.143,0,0,0.55,-0.24
QARSEDK,832.859,6.07,0.0,114.243,0.0,0.143,0.286,0,0,-2.557,-0.237
YHKNNKSW,1076.165,9.703,0.25,83.375,0.25,0.375,0.0,6990,6990,-2.625,1.844
YLYRLFRKSNLKPF,1845.193,10.447,0.286,-0.486,0.5,0.214,0.214,2980,2980,-0.593,3.756
SSRDPTT,762.766,5.553,0.0,63.6,0.0,0.429,0.0,0,0,-1.8,-0.539
YKSSALGS,811.88,8.591,0.125,32.825,0.25,0.5,0.25,1490,1490,-0.3,0.758
GETSWQTGDFVK,1354.421,4.37,0.167,-12.875,0.25,0.25,0.083,5500,5500,-0.942,-1.237
ISTGSRSA,777.824,9.75,0.0,77.138,0.125,0.5,0.125,0,0,-0.212,0.76
KLIFLWLLWPVTLACFV,2062.603,8.222,0.235,71.718,0.706,0.059,0.353,11000,11000,1.988,0.749
AQGVHLFSSRYVDLYG,1811.989,6.787,0.188,14.038,0.438,0.25,0.188,2980,2980,0.056,-0.118
FQDELDEFFKNVSTSIP,2016.164,4.05,0.176,10.206,0.353,0.235,0.176,0,0,-0.465,-3.233
RYNGAIRFDSTLSGFET,1934.07,6.07,0.176,9.729,0.294,0.294,0.176,1490,1490,-0.524,-0.237
VLQDFDVVFG,1138.269,4.05,0.2,65.66,0.6,0.1,0.1,0,0,1.11,-2.264
KDLSYEQQ,1010.056,4.37,0.125,47.475,0.25,0.125,0.25,1490,1490,-2.025,-1.238
VEPTHKVK,937.094,8.57,0.0,48.212,0.25,0.125,0.125,0,0,-1.05,0.822
NSAKHVQGNVAK,1252.38,10.003,0.0,2.092,0.167,0.333,0.167,0,0,-0.892,1.845
GNVKPGDAVITTQQAGA,1626.766,5.836,0.0,0.188,0.176,0.294,0.176,0,0,-0.224,-0.24
DGLCLFWN,967.098,4.05,0.25,48.25,0.5,0.25,0.25,5500,5500,0.575,-1.249
GKDSKPQQVTKQNAK,1656.839,10.001,0.0,42.24,0.067,0.267,0.067,0,0,-2.04,2.757
KLDDKDPQFKD,1348.458,4.778,0.091,-9.355,0.182,0.091,0.091,0,0,-2.2,-1.235
TKLLDDSI,904.016,4.207,0.0,22.213,0.375,0.125,0.25,0,0,-0.037,-1.601
KVGGNYNYLYRLFR,1763.006,9.993,0.286,-12.171,0.5,0.286,0.143,4470,4470,-0.714,2.756
NGIFSRVKNTKLYVN,1753.01,10.29,0.133,-6.747,0.4,0.333,0.067,1490,1490,-0.433,2.757
LGFDKPQEKDKKSAKTGTPKPSRNQSPASSQTSAKSLARSQSSETKEQKHEMQKPRWKRQPNDDVTS,7526.209,10.072,0.03,77.464,0.075,0.313,0.164,5500,5500,-1.843,6.852
YFTQSRNLQE,1285.362,6.217,0.2,128.86,0.3,0.2,0.2,1490,1490,-1.47,-0.233
YGNFDDQPSLQV,1382.43,4.05,0.167,45.758,0.333,0.333,0.083,1490,1490,-0.9,-2.239
CMLVLTVT,879.139,5.518,0.0,38.888,0.5,0.0,0.375,0,0,2.375,-0.25
HAEEYREYLESYNTATTA,2148.199,4.482,0.167,24.144,0.222,0.111,0.444,4470,4470,-1.267,-3.144
SVGKFCLEA,953.113,5.716,0.111,11.422,0.333,0.222,0.333,0,0,0.722,-0.548
YAGRVSAAFHQNASSLAL,1863.038,8.755,0.111,33.3,0.278,0.278,0.389,1490,1490,0.267,0.846
MNIAKSEFDHEISV,1619.793,4.649,0.071,77.0,0.286,0.214,0.286,0,0,-0.214,-2.407
STMSQYSRST,1147.216,8.463,0.1,127.86,0.1,0.4,0.1,1490,1490,-1.2,0.459
TFEYVSQPFLMDL,1589.805,4.05,0.231,63.169,0.462,0.154,0.308,1490,1490,0.338,-2.599
PTESIVRFPNITNLCP,1801.071,6.386,0.062,70.288,0.312,0.375,0.125,0,0,0.019,-0.049
GTHIFSIVNSAPD,1357.467,5.333,0.077,38.985,0.308,0.385,0.077,0,0,0.254,-1.148
NFVKDDY,899.943,4.208,0.286,-17.014,0.429,0.143,0.0,1490,1490,-1.243,-1.24
KAPYVMLNTSIPNLPD,1773.058,6.086,0.062,21.631,0.312,0.375,0.25,1490,1490,-0.125,-0.238
NTTIGNETTS,1037.036,4.05,0.0,-7.98,0.1,0.4,0.1,0,0,-1.0,-1.237
IIRDSDVVKQ,1172.332,5.96,0.0,49.02,0.4,0.1,0.0,0,0,-0.23,-0.239
DAEGAHATLDSIGT,1357.38,4.05,0.0,4.85,0.143,0.214,0.357,0,0,-0.214,-3.148
YLDDVKKIEYKPDLSQYYCDGGKYYT,3168.482,4.78,0.231,35.965,0.385,0.154,0.115,8940,8940,-1.135,-1.252
TSCQLYYNLPAANVSVSR,1986.209,7.865,0.111,62.322,0.333,0.333,0.222,2980,2980,-0.011,0.386
AMPIVANWAYSKY,1513.757,8.541,0.231,16.962,0.385,0.231,0.308,8480,8480,0.208,0.793
LDGNFRTEVDPDL,1490.57,4.05,0.077,-11.408,0.308,0.231,0.231,0,0,-0.777,-3.234
ANQSTSVYSANG,1198.197,5.569,0.083,20.692,0.167,0.5,0.167,1490,1490,-0.625,-0.205
NSQGLLPPKNSI,1267.431,8.75,0.0,57.317,0.25,0.583,0.167,0,0,-0.625,0.759
EGLGGNNVYCYN,1302.369,4.05,0.167,6.092,0.333,0.5,0.167,2980,2980,-0.608,-1.175
QKLPNGVTVVEEPDSRA,1839.012,4.679,0.0,50.641,0.235,0.294,0.235,0,0,-0.753,-1.234
SDFAFNNWFLLTNTSSV,1963.106,4.05,0.235,-3.629,0.412,0.353,0.176,5500,5500,0.194,-1.539
SALLCRVT,862.049,7.965,0.0,-1.863,0.375,0.125,0.375,0,0,1.263,0.45
AIPTNFSISITTEV,1492.669,4.05,0.071,-0.486,0.357,0.286,0.143,0,0,0.714,-1.201
TIEVLVTVDGVNFRTVVLNNKNTYRSQLGCVFFNGADISDTIPDEKQNGHSLYLADNLTADETKALKE,7517.267,4.702,0.074,7.649,0.324,0.221,0.221,2980,2980,-0.291,-4.507
DTNKEVFV,951.031,4.37,0.125,0.775,0.375,0.125,0.125,0,0,-0.487,-1.237
YIIIASFIKLFSLFKHVAYGC,2433.948,9.113,0.238,-9.762,0.571,0.143,0.19,2980,2980,1.367,1.833
TGFTTTNEA,940.95,4.05,0.111,-17.244,0.111,0.222,0.222,0,0,-0.622,-1.599
VPRAKSVVSR,1098.3,12.0,0.0,39.98,0.3,0.3,0.1,0,0,-0.17,2.733
SNGNLYGFRDYII,1531.666,5.553,0.231,-15.392,0.462,0.385,0.077,2980,2980,-0.277,-0.541
FNNGIFSRVKNTKL,1637.88,11.166,0.143,-7.943,0.357,0.357,0.071,0,0,-0.471,2.758
TIPDEKQNGH,1138.188,5.29,0.0,7.19,0.1,0.3,0.1,0,0,-1.93,-1.512
SFYMPLLVSSDKAPYR,1874.163,8.219,0.188,92.876,0.375,0.312,0.25,2980,2980,-0.113,0.458
VGYLKPTTFMLKYDEN,1919.201,6.038,0.188,5.95,0.375,0.188,0.25,2980,2980,-0.488,-0.266
SLILDYFSYPLSMK,1676.969,5.552,0.214,31.857,0.5,0.286,0.286,2980,2980,0.471,-0.542
KDSLFCSSTYGVCKYT,1802.033,8.021,0.188,22.837,0.312,0.25,0.062,2980,3105,-0.144,0.737
NAINKGGRT,930.021,11.001,0.0,39.478,0.111,0.444,0.111,0,0,-1.178,1.759
SDTLYLTQDLFLPFYSNV,2136.355,4.05,0.222,47.117,0.5,0.222,0.222,2980,2980,0.211,-2.54
KPQSGGGK,757.835,10.003,0.0,98.563,0.0,0.625,0.0,0,0,-1.863,1.758
SIRYIYNRVKSGS,1542.737,10.277,0.154,1.215,0.385,0.385,0.0,2980,2980,-0.662,2.457
TRCNLGGAVC,993.162,7.747,0.0,12.85,0.2,0.3,0.2,0,125,0.53,0.378
SVNFLAWLYAA,1254.432,5.24,0.273,28.173,0.545,0.182,0.455,6990,6990,1.227,-0.541
FNNWFLLTNGSTLVDGV,1897.09,4.05,0.176,-23.212,0.471,0.353,0.176,5500,5500,0.441,-1.239
FVKDNVSFVADDSGTPV,1796.927,4.05,0.118,20.388,0.353,0.294,0.059,0,0,0.118,-2.238
GTTTNVDK,834.872,5.836,0.0,-50.05,0.125,0.25,0.0,0,0,-1.15,-0.24
LLFLHTVLLPTDYKNV,1886.237,6.743,0.125,16.7,0.562,0.125,0.312,1490,1490,0.738,-0.154
KYFGGFNF,979.087,8.591,0.5,5.388,0.5,0.375,0.0,1490,1490,-0.138,0.758
KCYFNYSCVFSVVNAT,1845.102,8.033,0.25,25.038,0.438,0.25,0.062,2980,3105,0.575,0.737
SLILDYFSYPLSM,1548.796,4.05,0.231,33.538,0.538,0.308,0.308,2980,2980,0.808,-1.541
KGLAQPV,711.85,8.75,0.0,51.471,0.286,0.286,0.286,0,0,0.057,0.759
NEIGLNASVTLKIC,1474.722,5.994,0.0,4.85,0.357,0.286,0.286,0,0,0.629,-0.248
DALRNSARLE,1144.239,6.247,0.0,40.6,0.2,0.2,0.5,0,0,-0.91,-0.231
HAFHTNPFT,1071.145,6.918,0.222,2.011,0.222,0.222,0.111,0,0,-0.611,-0.066
CDVVIGIVNNTVY,1408.618,4.05,0.077,-1.346,0.538,0.231,0.0,1490,1490,1.185,-1.25
YVNDGRVDDGYIC,1488.577,4.05,0.154,-8.862,0.385,0.231,0.0,2980,2980,-0.5,-2.248
IVFKTLQYDVLFYCSNS,2040.337,5.827,0.235,43.424,0.529,0.176,0.118,2980,2980,0.547,-0.252
FHTINHTFGNPVIPF,1740.956,6.918,0.2,23.687,0.4,0.333,0.0,0,0,0.213,-0.066
KNTKVIKDRVMYSEFPA,2026.359,9.526,0.118,37.912,0.294,0.176,0.176,1490,1490,-0.688,1.76
AGSNTEFASNSSV,1270.259,4.05,0.077,32.331,0.154,0.538,0.231,0,0,-0.323,-1.201
MKSEKQVEQKI,1347.581,8.255,0.0,51.027,0.182,0.091,0.273,0,0,-1.445,0.503
LNVVKYTQLCQYL,1584.877,8.175,0.154,-16.915,0.538,0.077,0.231,2980,2980,0.354,0.747
RPPPGEQFK,1055.187,8.748,0.111,61.033,0.111,0.444,0.111,0,0,-1.978,0.762
SAFVGALPKTVRE,1374.584,8.465,0.077,10.985,0.308,0.231,0.308,0,0,0.246,0.467
SDLQDLK,817.884,4.207,0.0,70.529,0.286,0.143,0.286,0,0,-1.086,-1.539
IRKIYPAFMLGSS,1482.788,9.994,0.154,41.823,0.385,0.308,0.231,1490,1490,0.462,1.758
RDLSLKGTTYLS,1353.52,8.59,0.083,-12.058,0.333,0.25,0.25,1490,1490,-0.433,0.759
DISDTIPDEKQNG,1431.458,4.05,0.0,-3.723,0.154,0.308,0.077,0,0,-1.492,-3.235
GTRNPAN,728.754,9.75,0.0,37.471,0.0,0.571,0.143,0,0,-1.771,0.76
SNASSSF,698.679,5.24,0.143,63.6,0.143,0.714,0.143,0,0,-0.3,-0.54
LKCSYVLNNISLATQPY,1927.224,8.175,0.118,37.159,0.412,0.294,0.235,2980,2980,0.206,0.747
EASLPYG,735.782,4.05,0.143,23.957,0.286,0.429,0.429,1490,1490,-0.286,-1.164
NVDNEIVKSSDVVDSNENL,2090.159,4.05,0.0,18.079,0.316,0.368,0.158,0,0,-0.668,-4.232
NTKLYVNKTLYSEFST,1908.112,8.431,0.188,25.6,0.375,0.25,0.188,2980,2980,-0.625,0.759
NVSVLQM,789.94,5.525,0.0,55.143,0.429,0.286,0.286,0,0,0.9,-0.24
SELKQLEAKT,1146.291,5.863,0.0,43.41,0.2,0.1,0.5,0,0,-1.04,-0.536
VKSACIEVD,963.107,4.669,0.0,86.633,0.333,0.111,0.222,0,0,0.611,-1.27
TDSVLLIERFVSLAIDAYPLVY,2497.878,4.05,0.136,40.455,0.545,0.136,0.318,2980,2980,0.986,-2.599
LVKDPPNVQ,1009.157,5.836,0.0,27.089,0.333,0.333,0.111,0,0,-0.6,-0.24
YTPSFKKGAKLLHK,1617.932,10.177,0.143,4.964,0.286,0.214,0.214,1490,1490,-0.814,3.842
VFVSNGTHWFVTQR,1677.859,9.728,0.214,-21.021,0.429,0.214,0.0,5500,5500,-0.0,0.821
KIDCRCILG,1020.271,8.058,0.0,20.856,0.333,0.111,0.111,0,125,0.611,0.74
VRVDCYD,868.954,4.535,0.143,20.929,0.429,0.0,0.0,1490,1490,-0.271,-1.271
YKIDTTSSSCQLYYSL,1872.057,5.827,0.188,42.125,0.375,0.25,0.125,4470,4470,-0.3,-0.253
YKHYTPSFKK,1298.488,9.826,0.3,48.68,0.3,0.2,0.0,2980,2980,-1.78,2.842
QRVDENGDKLD,1288.321,4.415,0.0,-33.673,0.182,0.182,0.182,0,0,-1.982,-2.232
VLFLTWL,891.107,5.495,0.286,4.729,0.857,0.0,0.429,5500,5500,2.4,-0.266
VFVSNGTHWFVTQRN,1791.962,9.728,0.2,-10.727,0.4,0.267,0.0,5500,5500,-0.233,0.821
SGGNVVPYYSWFSG,1519.611,5.24,0.286,34.607,0.429,0.571,0.0,8480,8480,-0.071,-0.542
QLGNLGY,763.838,5.524,0.143,-15.686,0.429,0.429,0.286,1490,1490,-0.214,-0.241
AELVPSTAAMLFDSHIV,1801.068,4.353,0.059,71.512,0.353,0.176,0.412,0,0,0.971,-2.113
KHTPINLVRDLPQGFS,1822.072,8.755,0.062,28.738,0.312,0.312,0.125,0,0,-0.506,0.847
PERTCCLCD,1039.208,4.67,0.0,71.0,0.111,0.111,0.222,0,125,-0.278,-1.064
PDYNTYKNTCDGTTF,1739.813,4.208,0.2,8.393,0.2,0.267,0.0,2980,2980,-1.333,-1.052
SCQLYYNL,1003.129,5.238,0.25,55.5,0.5,0.25,0.25,2980,2980,-0.038,-0.552
SKIVCDGSVHYAGVVWTL,1934.218,6.457,0.111,39.928,0.444,0.222,0.111,6990,6990,0.75,-0.463
HGTILTRPLLESEL,1578.808,5.399,0.0,50.843,0.357,0.214,0.429,0,0,0.057,-1.147
VVTKFLFNVYLGMAL,1715.106,8.561,0.2,6.873,0.6,0.133,0.333,1490,1490,1.567,0.732
DVLEQDAQID,1145.174,4.05,0.0,47.52,0.3,0.0,0.3,0,0,-0.67,-4.231
TIEVLVTVD,988.133,4.05,0.0,31.578,0.556,0.0,0.222,0,0,1.389,-2.595
MYMGKCGDKF,1179.432,7.933,0.2,59.64,0.2,0.2,0.2,1490,1490,-0.43,0.489
VDGDMVP,731.815,4.05,0.0,14.614,0.286,0.286,0.143,0,0,0.186,-2.264
RLDTIQADQQVDRLI,1783.98,4.429,0.0,-13.58,0.333,0.0,0.2,0,0,-0.54,-1.237
ACTDDNALAYYNNSKGG,1776.835,4.208,0.118,63.959,0.176,0.353,0.235,2980,2980,-0.859,-1.215
NSNANLSMLQLGVP,1457.651,5.525,0.0,46.329,0.286,0.5,0.357,0,0,0.121,-0.24
GVFVSNGTHWFVTQRN,1849.013,9.757,0.188,-9.431,0.375,0.312,0.0,5500,5500,-0.244,0.847
NFLVQAGN,861.941,5.525,0.125,-20.65,0.375,0.375,0.25,0,0,0.212,-0.24
INSGTTCSNDLLQPNTE,1806.902,4.085,0.0,41.259,0.176,0.412,0.176,0,0,-0.712,-2.241
VYSDVET,811.833,4.05,0.143,-2.2,0.429,0.143,0.143,1490,1490,-0.2,-2.263
RNPIDLPPSHAT,1317.45,6.745,0.0,65.2,0.167,0.417,0.167,0,0,-0.908,-0.152
PDDQIGYYRRATRRVR,2022.231,10.784,0.125,68.1,0.25,0.125,0.062,2980,2980,-1.738,2.959
YPDEIFRSDTLYLTQ,1861.012,4.05,0.2,39.62,0.4,0.133,0.2,2980,2980,-0.667,-2.237
TGTTPQKLFVANYSQDVK,1997.208,8.166,0.111,25.794,0.278,0.222,0.111,1490,1490,-0.622,0.396
KLRSRVKFVNGR,1459.742,12.0,0.083,55.883,0.333,0.25,0.083,0,0,-0.917,4.758
GYMQGYDDCMQQGPASA,1821.961,4.05,0.118,72.165,0.118,0.294,0.235,2980,2980,-0.812,-2.25
KTADGQQKQ,1003.068,8.591,0.0,47.122,0.0,0.111,0.111,0,0,-2.344,0.759
DQLSDPNY,950.945,4.05,0.125,8.75,0.25,0.375,0.125,1490,1490,-1.738,-2.239
VMRYNLNFSANSL,1528.73,8.718,0.154,-13.931,0.385,0.385,0.308,1490,1490,0.031,0.733
SCFFTCNSNANLSM,1538.724,5.236,0.143,32.571,0.214,0.429,0.214,0,125,0.321,-0.56
VKPESTADQETYGG,1481.517,4.137,0.071,38.457,0.143,0.286,0.214,1490,1490,-1.271,-2.261
KPFRVEGN,946.061,8.748,0.125,12.788,0.25,0.375,0.125,0,0,-1.3,0.762
VSEKSGNFK,995.087,8.562,0.111,-12.544,0.222,0.444,0.111,0,0,-1.089,0.735
QKFKTICFSTVEVP,1626.913,8.198,0.143,12.307,0.357,0.143,0.071,0,0,0.171,0.751
GTTKFYG,772.845,8.591,0.286,30.887,0.286,0.286,0.0,1490,1490,-0.657,0.758
KREAPAH,807.898,8.755,0.0,98.043,0.0,0.143,0.429,0,0,-1.871,0.849
VDTKFKTEG,1024.125,6.039,0.111,-19.811,0.222,0.111,0.111,0,0,-1.067,-0.264
DMYDPTTKNVTGSNES,1758.815,4.05,0.062,40.4,0.125,0.375,0.125,1490,1490,-1.394,-2.237
KLTYNKQM,1025.222,9.703,0.125,57.287,0.25,0.125,0.25,1490,1490,-1.387,1.757
ELKCSVKSF,1040.234,8.294,0.111,-3.744,0.333,0.222,0.222,0,0,0.044,0.825
NNLTAPRNSW,1172.251,9.75,0.1,33.06,0.2,0.5,0.2,5500,5500,-1.34,0.76
LFPYQGDHGDMYVY,1704.854,4.197,0.286,27.164,0.429,0.214,0.143,4470,4470,-0.521,-2.153
RDLPSGFNTLKPIFKLP,1943.292,9.994,0.118,15.141,0.353,0.353,0.176,0,0,-0.265,1.759
LNRVCGVSAA,989.15,8.25,0.0,9.0,0.3,0.3,0.3,0,0,0.91,0.75
GTGRGDCKGF,997.086,8.222,0.1,-24.96,0.1,0.4,0.0,0,0,-0.89,0.75
FLLTNGSTLVDG,1236.371,4.05,0.083,-28.408,0.417,0.333,0.25,0,0,0.7,-1.239
VSAAFHANSSEPALLF,1660.824,5.239,0.125,57.525,0.312,0.312,0.438,0,0,0.65,-1.176
KVDDVDDSGDSSESGAKETKEI,2311.324,4.05,0.0,40.691,0.136,0.273,0.182,0,0,-1.35,-5.229
RNRDVDTDF,1137.16,4.429,0.111,-19.178,0.222,0.111,0.0,0,0,-1.856,-1.237
ASLFPPWTAAAGVPF,1531.751,5.57,0.2,48.753,0.333,0.333,0.333,5500,5500,0.88,-0.204
DDQIGYYRRATRRVRG,1982.167,10.781,0.125,67.506,0.25,0.125,0.062,2980,2980,-1.662,2.76
VWLIISVVFVVLLS,1586.997,5.495,0.143,18.1,0.857,0.143,0.214,5500,5500,2.979,-0.266
DAVLTYSSFGVCAD,1447.565,4.05,0.143,16.979,0.357,0.214,0.214,1490,1490,0.721,-2.245
EENLRRGT,974.03,6.243,0.0,123.95,0.125,0.25,0.375,0,0,-2.1,-0.16
GMLNGNA,675.755,5.525,0.0,-25.029,0.143,0.571,0.429,0,0,-0.043,-0.24
PKLDNYYKKDNSYFT,1896.06,8.724,0.267,11.9,0.333,0.267,0.067,4470,4470,-1.74,0.955
SKYGLGFKW,1085.254,9.7,0.333,-17.244,0.444,0.333,0.111,6990,6990,-0.556,1.457
KKINRMAEQAATQMYKEARSVNRKSKV,3166.68,10.637,0.037,37.296,0.148,0.148,0.296,1490,1490,-1.248,5.76
TIANQEKYSS,1140.201,5.663,0.1,39.98,0.2,0.3,0.2,1490,1490,-1.17,-0.601
WPLVIIA,811.022,5.525,0.143,8.571,0.714,0.143,0.286,5500,5500,2.329,-0.24
TPQKLFVANYSQDVKQ,1866.078,8.166,0.125,53.156,0.312,0.188,0.125,1490,1490,-0.806,0.396
RGAITTGYRFTNFEPFTV,2077.298,8.745,0.222,-14.117,0.333,0.222,0.111,1490,1490,-0.2,0.762
NRYLSLYNKYRYYSGKMDTAAYR,2897.226,9.775,0.261,7.913,0.348,0.217,0.217,8940,8940,-1.27,3.753
TIVNQERYVK,1249.416,8.256,0.1,1.81,0.4,0.1,0.1,1490,1490,-0.8,0.399
NGKVSTLVKQ,1073.244,10.003,0.0,-2.25,0.3,0.3,0.1,0,0,-0.45,1.758
FSNCNFNLSTLLRLVHTD,2094.35,6.745,0.111,6.006,0.389,0.278,0.222,0,0,0.156,-0.158
GSHVGSS,629.62,6.741,0.0,23.957,0.143,0.714,0.0,0,0,-0.314,-0.153
YTYNITEDEILEWF,1835.958,4.05,0.286,78.9,0.5,0.071,0.286,8480,8480,-0.486,-4.232
IGTRNPANNAAIVLQLP,1762.019,9.75,0.0,46.824,0.294,0.353,0.294,0,0,0.2,0.76
LKPGDSF,762.85,5.836,0.143,13.186,0.286,0.429,0.143,0,0,-0.514,-0.24
LWYQKPFLSDFNNGIFS,2076.308,5.835,0.294,11.965,0.471,0.353,0.118,6990,6990,-0.188,-0.241
GIFSRVKNTKLY,1425.674,10.29,0.167,1.592,0.417,0.25,0.083,1490,1490,-0.308,2.757
APYRVIPRNLVPI,1507.821,10.835,0.077,27.331,0.462,0.308,0.154,1490,1490,0.338,1.795
FFTCNSNANLSML,1461.661,5.518,0.154,9.231,0.308,0.385,0.308,0,0,0.508,-0.25
YNKDYAE,901.916,4.749,0.286,76.229,0.286,0.143,0.286,2980,2980,-2.171,-1.234
DSSKEFV,810.848,4.37,0.143,63.6,0.286,0.286,0.143,0,0,-0.786,-1.237
NNFQKFKTICFSTVEVP,2002.293,8.198,0.176,3.059,0.353,0.235,0.059,0,0,-0.106,0.751
KNVSTGN,718.756,8.75,0.0,-15.686,0.143,0.571,0.0,0,0,-1.229,0.759
DQSDQVRNVQTRGRRAQPKQTATSQQPSGGNVV,3594.823,11.539,0.0,76.764,0.121,0.303,0.061,0,0,-1.482,2.761
FNNGIFSRVKNTKLYVNK,2142.459,10.462,0.167,9.2,0.389,0.333,0.056,1490,1490,-0.617,3.756
CYVCKPHQV,1076.292,8.055,0.111,-7.867,0.333,0.111,0.0,1490,1615,-0.011,0.825
KNTKVIKDRVMYS,1581.878,9.997,0.077,2.054,0.308,0.154,0.077,1490,1490,-0.862,2.757
PNNNAATVLQLPQGT,1537.673,5.955,0.0,51.087,0.2,0.4,0.267,0,0,-0.473,-0.041
YCSNSSSGVL,1016.083,5.517,0.1,47.52,0.3,0.6,0.1,1490,1490,0.21,-0.251
SCQLYYSLPAINVTINN,1913.155,5.238,0.118,49.076,0.412,0.353,0.176,2980,2980,0.271,-0.552
NSAPDGLLFLHTVLLPT,1808.082,5.077,0.059,23.2,0.412,0.294,0.353,0,0,0.694,-1.152
DAQVVQLPVKDYVQTVNVIAWLYAA,2804.198,4.208,0.12,35.248,0.48,0.08,0.24,8480,8480,0.552,-1.241
GQGIFKEVSAVYYN,1574.731,6.0,0.214,-4.086,0.429,0.286,0.143,2980,2980,-0.079,-0.24
RFFNHTLVLLPDGCG,1688.946,6.735,0.133,12.12,0.4,0.267,0.2,0,0,0.393,-0.162
CSYVLNNISLATQPYF,1833.068,5.517,0.188,44.162,0.438,0.312,0.188,2980,2980,0.4,-0.252
SISASYRFVTFEPFNVSF,2098.312,5.718,0.278,23.589,0.444,0.333,0.111,1490,1490,0.422,-0.538
IFSNFILNGINSG,1395.558,5.525,0.154,-5.608,0.462,0.538,0.077,0,0,0.769,-0.24
FDFLSNASSSFD,1336.359,4.05,0.25,55.55,0.333,0.417,0.167,0,0,0.025,-2.234
FNTLKPIFKLPLGINI,1828.244,10.003,0.125,13.544,0.5,0.312,0.188,0,0,0.712,1.758
QKLEDNPL,956.051,4.37,0.0,18.613,0.25,0.25,0.375,0,0,-1.488,-1.237
ADKICIVDNV,1089.263,4.208,0.0,-39.99,0.4,0.1,0.1,0,0,0.73,-1.213
GSIRFDSTLPGFE,1425.542,4.749,0.154,48.354,0.308,0.385,0.154,0,0,-0.177,-1.231
LDNDFNT,837.831,4.05,0.143,-14.329,0.286,0.286,0.143,0,0,-1.157,-2.238
QAISNSI,731.795,5.525,0.0,8.571,0.286,0.429,0.143,0,0,0.314,-0.24
VADYSVLYNSTFFSTFKC,2092.326,5.799,0.278,10.089,0.444,0.222,0.111,2980,2980,0.422,-0.278
TFTKLQSLE,1066.205,5.884,0.111,98.211,0.333,0.111,0.333,0,0,-0.3,-0.595
RDNDTLSVST,1107.129,4.208,0.0,-6.03,0.2,0.3,0.1,0,0,-1.0,-1.238
FKTYAFDKP,1116.265,8.497,0.333,14.4,0.333,0.111,0.111,1490,1490,-0.833,0.758
LTFLLDFSVDGYIRR,1815.076,5.96,0.2,35.04,0.533,0.133,0.2,1490,1490,0.433,-0.239
SAIITANLSIPSNWT,1587.772,5.24,0.067,3.32,0.333,0.4,0.2,5500,5500,0.507,-0.54
DVVIGIINNTVYDP,1531.705,4.05,0.071,8.686,0.5,0.286,0.0,1490,1490,0.579,-2.239
SGMPTTFLFSLYLGTL,1748.047,5.24,0.188,39.244,0.438,0.312,0.312,1490,1490,0.956,-0.541
GATDAPSTFGTRNPNND,1734.735,4.536,0.059,34.906,0.059,0.471,0.118,0,0,-1.324,-1.234
KLGASQRVAGDSGFAAYSRYRIGNYKLNTDHSSSSDNI,4107.372,9.401,0.105,34.105,0.237,0.368,0.158,4470,4470,-0.789,1.846
PLGYVTH,785.887,7.165,0.143,-15.686,0.429,0.286,0.143,1490,1490,0.114,0.045
VEKCVVRVCYGN,1368.624,8.018,0.083,-11.267,0.417,0.167,0.083,1490,1615,0.392,0.715
RNIKCNYVFNNSLTRQ,1970.216,10.054,0.125,51.281,0.312,0.312,0.062,1490,1490,-0.963,2.748
TIDCSLFVCSNYAACHDLL,2088.383,4.195,0.105,62.221,0.368,0.158,0.263,1490,1615,0.879,-2.543
GSECSKASSRSA,1169.224,8.222,0.0,130.55,0.0,0.5,0.25,0,0,-0.85,0.752
CVDCDTA,725.789,4.05,0.0,-17.629,0.143,0.0,0.143,0,125,0.471,-2.257
EFVFKNIDGYFKIYSK,1998.279,8.473,0.312,7.437,0.5,0.188,0.062,2980,2980,-0.275,0.833
SFFEDLLFDKVKLSDV,1902.147,4.225,0.188,11.406,0.5,0.125,0.25,0,0,0.3,-2.536
LQDVLSLR,943.099,5.836,0.0,97.65,0.5,0.125,0.375,0,0,0.412,-0.239
KNTKVIKDRVMYSEF,1858.166,9.526,0.133,15.953,0.333,0.133,0.133,1490,1490,-0.793,1.76
FQQVLYYQ,1088.212,5.524,0.375,38.825,0.625,0.0,0.125,2980,2980,-0.287,-0.242
RWYFYYLGTGPEAG,1679.827,6.0,0.357,82.586,0.429,0.286,0.214,9970,9970,-0.564,-0.24
SSEVKAQSSGVIPE,1417.518,4.853,0.0,90.243,0.214,0.429,0.214,0,0,-0.35,-1.53
DLQNYGDSATL,1196.221,4.05,0.091,48.518,0.273,0.273,0.273,1490,1490,-0.709,-2.239
KRNVDPL,840.967,8.748,0.0,51.3,0.286,0.286,0.143,0,0,-1.286,0.76
FLQSSNYKIDTTSSSCQL,2022.193,5.828,0.111,84.922,0.278,0.333,0.111,1490,1490,-0.4,-0.251
YSSLILDYFSYPL,1580.774,4.05,0.308,48.354,0.615,0.308,0.231,4470,4470,0.562,-1.242
DQWFKNQTSVAPDLS,1735.847,4.208,0.133,2.1,0.267,0.267,0.133,5500,5500,-0.907,-1.239
VSSNINR,788.849,9.72,0.0,98.857,0.286,0.571,0.0,0,0,-0.629,0.734
LTPSDVY,793.861,4.05,0.143,25.314,0.429,0.286,0.143,1490,1490,0.014,-1.24
SDFGTSFVS,945.968,4.05,0.222,-8.922,0.333,0.444,0.0,0,0,0.311,-1.539
YYVKPGGTSSGDATTAY,1737.817,5.834,0.176,24.135,0.235,0.353,0.118,4470,4470,-0.588,-0.243
RDISNVPFSPDGKPCTPPALNCYWPLNDYGFYT,3749.144,4.429,0.182,47.528,0.303,0.394,0.091,9970,10095,-0.573,-1.26
DSNTTQDTY,1043.984,4.05,0.111,17.178,0.111,0.222,0.0,1490,1490,-2.022,-2.239
KRPIQPTDVAY,1287.464,8.59,0.091,73.745,0.273,0.182,0.091,1490,1490,-0.918,0.759
MLEDEFTPEDVN,1438.512,4.05,0.083,55.75,0.25,0.167,0.417,0,0,-0.883,-5.489
NLKSNCVR,933.087,9.508,0.0,-14.887,0.25,0.375,0.125,0,0,-0.713,1.749
DNQDLYGQWYDFGD,1735.716,4.05,0.286,23.121,0.357,0.214,0.071,8480,8480,-1.586,-4.234
KQGAKPVG,783.916,10.003,0.0,31.725,0.125,0.375,0.125,0,0,-0.963,1.758
VTTHESSSAV,1017.048,5.239,0.0,58.29,0.2,0.3,0.2,0,0,-0.03,-1.176
GTDTNSVCPK,1021.103,5.829,0.0,-10.29,0.1,0.4,0.0,0,0,-0.84,-0.25
VKSFEIDKGIYQTSN,1728.896,6.039,0.133,3.273,0.333,0.267,0.067,1490,1490,-0.653,-0.265
HASRNACGTNV,1129.208,8.259,0.0,56.382,0.091,0.364,0.182,0,0,-0.573,0.837
TFGGPTDSTDNNQNGGRNGARP,2233.229,5.626,0.045,28.541,0.045,0.545,0.045,0,0,-1.682,-0.6
RKAWAAFYVYKLQPLTFL,2215.635,9.997,0.278,45.967,0.5,0.056,0.333,8480,8480,0.278,2.756
TTNSDKC,767.806,5.497,0.0,-25.029,0.0,0.286,0.0,0,0,-1.514,-0.612
PEPISDKN,898.957,4.371,0.0,43.938,0.125,0.5,0.125,0,0,-1.737,-1.039
DDKYKATG,896.941,5.959,0.125,-12.475,0.125,0.125,0.125,1490,1490,-1.925,-0.241
CYYNNGSSGR,1120.153,8.197,0.2,25.57,0.2,0.6,0.0,2980,2980,-1.4,0.748
LKDCVMYASAVVLLILM,1882.397,5.828,0.059,39.171,0.529,0.059,0.471,1490,1490,1.924,-0.251
VRGSSAARLEPCNGTDIDY,2024.173,4.558,0.053,8.932,0.211,0.316,0.211,1490,1490,-0.547,-1.272
CEQSYQLYDASN,1420.457,4.05,0.167,81.567,0.25,0.25,0.25,2980,2980,-1.133,-2.248
ELDEFFKNVSTSIPNFG,1944.101,4.138,0.176,-9.965,0.353,0.353,0.176,0,0,-0.282,-2.16
RAMLKCVALCDAM,1424.818,8.058,0.0,11.715,0.231,0.0,0.538,0,125,1.085,0.74
FNYRIDTTATSCQLYY,1959.139,5.827,0.25,12.788,0.375,0.125,0.125,4470,4470,-0.4,-0.252
LMWLSYFIASFRLFARTR,2278.718,11.711,0.278,16.3,0.5,0.111,0.333,6990,6990,0.656,2.759
QWLPSGSILVDNDLNPFVSDSL,2416.636,4.05,0.091,50.786,0.409,0.409,0.182,5500,5500,0.1,-3.237
RNLFASVKSSQSS,1410.532,11.001,0.077,94.754,0.231,0.462,0.154,0,0,-0.523,1.759
FVKVLGLYVP,1134.409,8.591,0.2,16.89,0.7,0.2,0.2,1490,1490,1.58,0.758
DCGSTKLPYYEFEK,1679.844,4.679,0.214,20.407,0.286,0.214,0.214,2980,2980,-1.093,-1.247
CDVVIGIINNTVYD,1537.732,4.05,0.071,22.443,0.5,0.214,0.0,1490,1490,0.871,-2.245
SYFVVKR,898.06,9.992,0.286,51.029,0.571,0.143,0.0,1490,1490,0.1,1.458
LRKNGNKGAGGH,1208.331,11.166,0.0,21.483,0.083,0.5,0.167,0,0,-1.542,2.845
VASQSII,716.823,5.495,0.0,98.857,0.429,0.286,0.143,0,0,1.414,-0.266
SPYNSQNF,955.966,5.24,0.25,68.963,0.25,0.625,0.0,1490,1490,-1.525,-0.541
RFKNADLKD,1106.232,8.59,0.111,-26.678,0.222,0.111,0.222,0,0,-1.6,0.764
GFSATNSALAKIQSVV,1592.791,8.75,0.062,22.138,0.312,0.312,0.25,0,0,0.656,0.759
SHPSGDV,697.694,5.057,0.0,31.971,0.143,0.571,0.0,0,0,-0.871,-1.452
NRVCGVSAA,875.993,8.25,0.0,8.889,0.222,0.333,0.222,0,0,0.589,0.75
SDISLVKFGAALAM,1422.688,5.553,0.071,1.164,0.357,0.214,0.429,0,0,1.214,-0.54
PKPQRQRGHKNGQGENDNI,2173.309,10.002,0.0,45.021,0.053,0.421,0.053,0,0,-2.521,2.048
APEGLVFLHTVLLPTQY,1898.205,5.242,0.118,28.988,0.471,0.176,0.353,1490,1490,0.688,-1.115
LFKKNFTYNVSTDWLYF,2186.461,8.431,0.353,-1.012,0.529,0.176,0.118,8480,8480,-0.224,0.757
