peptide,toxinpred_svm_score,toxicity_prediction,hydrophobicity,steric_hinderance,sidebulk,amphipathicity,hydrophilicity,net_hydrogen
0,1,2,3,4,5,6,7
0,1,2,3,4,5,6,7
0,1,2,3,4,5,6,7
0,1,2,3,4,5,6,7
0,1,2,3,4,5,6,7
0,1,2,3,4,5,6,7
0,1,2,3,4,5,6,7
0,1,2,3,4,5,6,7
0,1,2,3,4,5,6,7
0,1,2,3,4,5,6,7
0,1,2,3,4,5,6,7
0,1,2,3,4,5,6,7
0,1,2,3,4,5,6,7
0,1,2,3,4,5,6,7
0,1,2,3,4,5,6,7
0,1,2,3,4,5,6,7
0,1,2,3,4,5,6,7
0,1,2,3,4,5,6,7
0,1,2,3,4,5,6,7
0,1,2,3,4,5,6,7
0,1,2,3,4,5,6,7
0,1,2,3,4,5,6,7
0,1,2,3,4,5,6,7
0,1,2,3,4,5,6,7
0,1,2,3,4,5,6,7
0,1,2,3,4,5,6,7
0,1,2,3,4,5,6,7
0,1,2,3,4,5,6,7
0,1,2,3,4,5,6,7
0,1,2,3,4,5,6,7
0,1,2,3,4,5,6,7
0,1,2,3,4,5,6,7
0,1,2,3,4,5,6,7
0,1,2,3,4,5,6,7
0,1,2,3,4,5,6,7
0,1,2,3,4,5,6,7
0,1,2,3,4,5,6,7
0,1,2,3,4,5,6,7
0,1,2,3,4,5,6,7
0,1,2,3,4,5,6,7
0,1,2,3,4,5,6,7
0,1,2,3,4,5,6,7
0,1,2,3,4,5,6,7
0,1,2,3,4,5,6,7
0,1,2,3,4,5,6,7
0,1,2,3,4,5,6,7
0,1,2,3,4,5,6,7
0,1,2,3,4,5,6,7
0,1,2,3,4,5,6,7
0,1,2,3,4,5,6,7
0,1,2,3,4,5,6,7
0,1,2,3,4,5,6,7
0,1,2,3,4,5,6,7
0,1,2,3,4,5,6,7
0,1,2,3,4,5,6,7
0,1,2,3,4,5,6,7
0,1,2,3,4,5,6,7
0,1,2,3,4,5,6,7
0,1,2,3,4,5,6,7
0,1,2,3,4,5,6,7
0,1,2,3,4,5,6,7
0,1,2,3,4,5,6,7
0,1,2,3,4,5,6,7
0,1,2,3,4,5,6,7
0,1,2,3,4,5,6,7
0,1,2,3,4,5,6,7
0,1,2,3,4,5,6,7
0,1,2,3,4,5,6,7
0,1,2,3,4,5,6,7
0,1,2,3,4,5,6,7
0,1,2,3,4,5,6,7
0,1,2,3,4,5,6,7
0,1,2,3,4,5,6,7
0,1,2,3,4,5,6,7
0,1,2,3,4,5,6,7
0,1,2,3,4,5,6,7
0,1,2,3,4,5,6,7
0,1,2,3,4,5,6,7
0,1,2,3,4,5,6,7
0,1,2,3,4,5,6,7
0,1,2,3,4,5,6,7
0,1,2,3,4,5,6,7
0,1,2,3,4,5,6,7
0,1,2,3,4,5,6,7
0,1,2,3,4,5,6,7
0,1,2,3,4,5,6,7
0,1,2,3,4,5,6,7
0,1,2,3,4,5,6,7
0,1,2,3,4,5,6,7
0,1,2,3,4,5,6,7
0,1,2,3,4,5,6,7
0,1,2,3,4,5,6,7
0,1,2,3,4,5,6,7
0,1,2,3,4,5,6,7
0,1,2,3,4,5,6,7
0,1,2,3,4,5,6,7
0,1,2,3,4,5,6,7
0,1,2,3,4,5,6,7
0,1,2,3,4,5,6,7
0,1,2,3,4,5,6,7
0,1,2,3,4,5,6,7
0,1,2,3,4,5,6,7
0,1,2,3,4,5,6,7
0,1,2,3,4,5,6,7
0,1,2,3,4,5,6,7
0,1,2,3,4,5,6,7
0,1,2,3,4,5,6,7
0,1,2,3,4,5,6,7
0,1,2,3,4,5,6,7
0,1,2,3,4,5,6,7
0,1,2,3,4,5,6,7
0,1,2,3,4,5,6,7
0,1,2,3,4,5,6,7
0,1,2,3,4,5,6,7
0,1,2,3,4,5,6,7
0,1,2,3,4,5,6,7
0,1,2,3,4,5,6,7
0,1,2,3,4,5,6,7
0,1,2,3,4,5,6,7
0,1,2,3,4,5,6,7
0,1,2,3,4,5,6,7
0,1,2,3,4,5,6,7
0,1,2,3,4,5,6,7
0,1,2,3,4,5,6,7
0,1,2,3,4,5,6,7
0,1,2,3,4,5,6,7
0,1,2,3,4,5,6,7
0,1,2,3,4,5,6,7
0,1,2,3,4,5,6,7
0,1,2,3,4,5,6,7
0,1,2,3,4,5,6,7
0,1,2,3,4,5,6,7
0,1,2,3,4,5,6,7
0,1,2,3,4,5,6,7
0,1,2,3,4,5,6,7
0,1,2,3,4,5,6,7
0,1,2,3,4,5,6,7
0,1,2,3,4,5,6,7
0,1,2,3,4,5,6,7
0,1,2,3,4,5,6,7
0,1,2,3,4,5,6,7
0,1,2,3,4,5,6,7
0,1,2,3,4,5,6,7
0,1,2,3,4,5,6,7
0,1,2,3,4,5,6,7
0,1,2,3,4,5,6,7
0,1,2,3,4,5,6,7
0,1,2,3,4,5,6,7
0,1,2,3,4,5,6,7
0,1,2,3,4,5,6,7
0,1,2,3,4,5,6,7
0,1,2,3,4,5,6,7
0,1,2,3,4,5,6,7
0,1,2,3,4,5,6,7
0,1,2,3,4,5,6,7
0,1,2,3,4,5,6,7
0,1,2,3,4,5,6,7
0,1,2,3,4,5,6,7
0,1,2,3,4,5,6,7
0,1,2,3,4,5,6,7
0,1,2,3,4,5,6,7
0,1,2,3,4,5,6,7
0,1,2,3,4,5,6,7
0,1,2,3,4,5,6,7
0,1,2,3,4,5,6,7
0,1,2,3,4,5,6,7
0,1,2,3,4,5,6,7
0,1,2,3,4,5,6,7
0,1,2,3,4,5,6,7
0,1,2,3,4,5,6,7
0,1,2,3,4,5,6,7
0,1,2,3,4,5,6,7
0,1,2,3,4,5,6,7
0,1,2,3,4,5,6,7
0,1,2,3,4,5,6,7
0,1,2,3,4,5,6,7
0,1,2,3,4,5,6,7
0,1,2,3,4,5,6,7
0,1,2,3,4,5,6,7
0,1,2,3,4,5,6,7
0,1,2,3,4,5,6,7
0,1,2,3,4,5,6,7
0,1,2,3,4,5,6,7
0,1,2,3,4,5,6,7
0,1,2,3,4,5,6,7
0,1,2,3,4,5,6,7
0,1,2,3,4,5,6,7
0,1,2,3,4,5,6,7
0,1,2,3,4,5,6,7
0,1,2,3,4,5,6,7
0,1,2,3,4,5,6,7
0,1,2,3,4,5,6,7
0,1,2,3,4,5,6,7
0,1,2,3,4,5,6,7
0,1,2,3,4,5,6,7
0,1,2,3,4,5,6,7
0,1,2,3,4,5,6,7
0,1,2,3,4,5,6,7
0,1,2,3,4,5,6,7
0,1,2,3,4,5,6,7
0,1,2,3,4,5,6,7
0,1,2,3,4,5,6,7
0,1,2,3,4,5,6,7
0,1,2,3,4,5,6,7
0,1,2,3,4,5,6,7
0,1,2,3,4,5,6,7
0,1,2,3,4,5,6,7
0,1,2,3,4,5,6,7
0,1,2,3,4,5,6,7
0,1,2,3,4,5,6,7
0,1,2,3,4,5,6,7
0,1,2,3,4,5,6,7
0,1,2,3,4,5,6,7
0,1,2,3,4,5,6,7
0,1,2,3,4,5,6,7
0,1,2,3,4,5,6,7
0,1,2,3,4,5,6,7
0,1,2,3,4,5,6,7
0,1,2,3,4,5,6,7
0,1,2,3,4,5,6,7
0,1,2,3,4,5,6,7
0,1,2,3,4,5,6,7
0,1,2,3,4,5,6,7
0,1,2,3,4,5,6,7
0,1,2,3,4,5,6,7
0,1,2,3,4,5,6,7
0,1,2,3,4,5,6,7
0,1,2,3,4,5,6,7
0,1,2,3,4,5,6,7
0,1,2,3,4,5,6,7
0,1,2,3,4,5,6,7
0,1,2,3,4,5,6,7
0,1,2,3,4,5,6,7
0,1,2,3,4,5,6,7
0,1,2,3,4,5,6,7
0,1,2,3,4,5,6,7
0,1,2,3,4,5,6,7
0,1,2,3,4,5,6,7
0,1,2,3,4,5,6,7
0,1,2,3,4,5,6,7
0,1,2,3,4,5,6,7
0,1,2,3,4,5,6,7
0,1,2,3,4,5,6,7
0,1,2,3,4,5,6,7
0,1,2,3,4,5,6,7
0,1,2,3,4,5,6,7
0,1,2,3,4,5,6,7
0,1,2,3,4,5,6,7
0,1,2,3,4,5,6,7
0,1,2,3,4,5,6,7
0,1,2,3,4,5,6,7
0,1,2,3,4,5,6,7
0,1,2,3,4,5,6,7
0,1,2,3,4,5,6,7
0,1,2,3,4,5,6,7
0,1,2,3,4,5,6,7
0,1,2,3,4,5,6,7
0,1,2,3,4,5,6,7
0,1,2,3,4,5,6,7
0,1,2,3,4,5,6,7
0,1,2,3,4,5,6,7
0,1,2,3,4,5,6,7
0,1,2,3,4,5,6,7
0,1,2,3,4,5,6,7
0,1,2,3,4,5,6,7
0,1,2,3,4,5,6,7
0,1,2,3,4,5,6,7
0,1,2,3,4,5,6,7
0,1,2,3,4,5,6,7
0,1,2,3,4,5,6,7
0,1,2,3,4,5,6,7
0,1,2,3,4,5,6,7
0,1,2,3,4,5,6,7
0,1,2,3,4,5,6,7
0,1,2,3,4,5,6,7
0,1,2,3,4,5,6,7
0,1,2,3,4,5,6,7
0,1,2,3,4,5,6,7
0,1,2,3,4,5,6,7
0,1,2,3,4,5,6,7
0,1,2,3,4,5,6,7
0,1,2,3,4,5,6,7
0,1,2,3,4,5,6,7
0,1,2,3,4,5,6,7
0,1,2,3,4,5,6,7
0,1,2,3,4,5,6,7
0,1,2,3,4,5,6,7
0,1,2,3,4,5,6,7
0,1,2,3,4,5,6,7
0,1,2,3,4,5,6,7
0,1,2,3,4,5,6,7
0,1,2,3,4,5,6,7
0,1,2,3,4,5,6,7
0,1,2,3,4,5,6,7
0,1,2,3,4,5,6,7
0,1,2,3,4,5,6,7
0,1,2,3,4,5,6,7
0,1,2,3,4,5,6,7
0,1,2,3,4,5,6,7
0,1,2,3,4,5,6,7
0,1,2,3,4,5,6,7
0,1,2,3,4,5,6,7
0,1,2,3,4,5,6,7
0,1,2,3,4,5,6,7
0,1,2,3,4,5,6,7
0,1,2,3,4,5,6,7
0,1,2,3,4,5,6,7
0,1,2,3,4,5,6,7
0,1,2,3,4,5,6,7
0,1,2,3,4,5,6,7
0,1,2,3,4,5,6,7
0,1,2,3,4,5,6,7
0,1,2,3,4,5,6,7
0,1,2,3,4,5,6,7
0,1,2,3,4,5,6,7
0,1,2,3,4,5,6,7
0,1,2,3,4,5,6,7
0,1,2,3,4,5,6,7
0,1,2,3,4,5,6,7
0,1,2,3,4,5,6,7
0,1,2,3,4,5,6,7
0,1,2,3,4,5,6,7
0,1,2,3,4,5,6,7
0,1,2,3,4,5,6,7
0,1,2,3,4,5,6,7
0,1,2,3,4,5,6,7
0,1,2,3,4,5,6,7
0,1,2,3,4,5,6,7
0,1,2,3,4,5,6,7
0,1,2,3,4,5,6,7
0,1,2,3,4,5,6,7
0,1,2,3,4,5,6,7
0,1,2,3,4,5,6,7
0,1,2,3,4,5,6,7
0,1,2,3,4,5,6,7
0,1,2,3,4,5,6,7
0,1,2,3,4,5,6,7
0,1,2,3,4,5,6,7
0,1,2,3,4,5,6,7
0,1,2,3,4,5,6,7
0,1,2,3,4,5,6,7
0,1,2,3,4,5,6,7
0,1,2,3,4,5,6,7
0,1,2,3,4,5,6,7
0,1,2,3,4,5,6,7
0,1,2,3,4,5,6,7
0,1,2,3,4,5,6,7
0,1,2,3,4,5,6,7
0,1,2,3,4,5,6,7
0,1,2,3,4,5,6,7
0,1,2,3,4,5,6,7
0,1,2,3,4,5,6,7
0,1,2,3,4,5,6,7
0,1,2,3,4,5,6,7
0,1,2,3,4,5,6,7
0,1,2,3,4,5,6,7
0,1,2,3,4,5,6,7
0,1,2,3,4,5,6,7
0,1,2,3,4,5,6,7
0,1,2,3,4,5,6,7
0,1,2,3,4,5,6,7
0,1,2,3,4,5,6,7
0,1,2,3,4,5,6,7
0,1,2,3,4,5,6,7
0,1,2,3,4,5,6,7
0,1,2,3,4,5,6,7
0,1,2,3,4,5,6,7
0,1,2,3,4,5,6,7
0,1,2,3,4,5,6,7
0,1,2,3,4,5,6,7
0,1,2,3,4,5,6,7
0,1,2,3,4,5,6,7
0,1,2,3,4,5,6,7
0,1,2,3,4,5,6,7
0,1,2,3,4,5,6,7
0,1,2,3,4,5,6,7
0,1,2,3,4,5,6,7
0,1,2,3,4,5,6,7
0,1,2,3,4,5,6,7
0,1,2,3,4,5,6,7
0,1,2,3,4,5,6,7
0,1,2,3,4,5,6,7
0,1,2,3,4,5,6,7
0,1,2,3,4,5,6,7
0,1,2,3,4,5,6,7
0,1,2,3,4,5,6,7
0,1,2,3,4,5,6,7
0,1,2,3,4,5,6,7
0,1,2,3,4,5,6,7
0,1,2,3,4,5,6,7
0,1,2,3,4,5,6,7
0,1,2,3,4,5,6,7
0,1,2,3,4,5,6,7
0,1,2,3,4,5,6,7
0,1,2,3,4,5,6,7
0,1,2,3,4,5,6,7
0,1,2,3,4,5,6,7
0,1,2,3,4,5,6,7
0,1,2,3,4,5,6,7
0,1,2,3,4,5,6,7
0,1,2,3,4,5,6,7
0,1,2,3,4,5,6,7
0,1,2,3,4,5,6,7
0,1,2,3,4,5,6,7
0,1,2,3,4,5,6,7
0,1,2,3,4,5,6,7
0,1,2,3,4,5,6,7
0,1,2,3,4,5,6,7
0,1,2,3,4,5,6,7
0,1,2,3,4,5,6,7
0,1,2,3,4,5,6,7
0,1,2,3,4,5,6,7
0,1,2,3,4,5,6,7
0,1,2,3,4,5,6,7
0,1,2,3,4,5,6,7
0,1,2,3,4,5,6,7
0,1,2,3,4,5,6,7
0,1,2,3,4,5,6,7
0,1,2,3,4,5,6,7
0,1,2,3,4,5,6,7
0,1,2,3,4,5,6,7
0,1,2,3,4,5,6,7
0,1,2,3,4,5,6,7
0,1,2,3,4,5,6,7
0,1,2,3,4,5,6,7
0,1,2,3,4,5,6,7
0,1,2,3,4,5,6,7
0,1,2,3,4,5,6,7
0,1,2,3,4,5,6,7
0,1,2,3,4,5,6,7
0,1,2,3,4,5,6,7
0,1,2,3,4,5,6,7
0,1,2,3,4,5,6,7
0,1,2,3,4,5,6,7
0,1,2,3,4,5,6,7
0,1,2,3,4,5,6,7
0,1,2,3,4,5,6,7
0,1,2,3,4,5,6,7
0,1,2,3,4,5,6,7
0,1,2,3,4,5,6,7
0,1,2,3,4,5,6,7
0,1,2,3,4,5,6,7
0,1,2,3,4,5,6,7
0,1,2,3,4,5,6,7
0,1,2,3,4,5,6,7
0,1,2,3,4,5,6,7
0,1,2,3,4,5,6,7
0,1,2,3,4,5,6,7
0,1,2,3,4,5,6,7
0,1,2,3,4,5,6,7
0,1,2,3,4,5,6,7
0,1,2,3,4,5,6,7
0,1,2,3,4,5,6,7
0,1,2,3,4,5,6,7
0,1,2,3,4,5,6,7
0,1,2,3,4,5,6,7
0,1,2,3,4,5,6,7
0,1,2,3,4,5,6,7
0,1,2,3,4,5,6,7
0,1,2,3,4,5,6,7
0,1,2,3,4,5,6,7
0,1,2,3,4,5,6,7
0,1,2,3,4,5,6,7
0,1,2,3,4,5,6,7
0,1,2,3,4,5,6,7
0,1,2,3,4,5,6,7
0,1,2,3,4,5,6,7
0,1,2,3,4,5,6,7
0,1,2,3,4,5,6,7
0,1,2,3,4,5,6,7
0,1,2,3,4,5,6,7
0,1,2,3,4,5,6,7
0,1,2,3,4,5,6,7
0,1,2,3,4,5,6,7
0,1,2,3,4,5,6,7
0,1,2,3,4,5,6,7
0,1,2,3,4,5,6,7
0,1,2,3,4,5,6,7
0,1,2,3,4,5,6,7
0,1,2,3,4,5,6,7
0,1,2,3,4,5,6,7
0,1,2,3,4,5,6,7
0,1,2,3,4,5,6,7
0,1,2,3,4,5,6,7
0,1,2,3,4,5,6,7
0,1,2,3,4,5,6,7
0,1,2,3,4,5,6,7
0,1,2,3,4,5,6,7
0,1,2,3,4,5,6,7
0,1,2,3,4,5,6,7
0,1,2,3,4,5,6,7
0,1,2,3,4,5,6,7
0,1,2,3,4,5,6,7
0,1,2,3,4,5,6,7
0,1,2,3,4,5,6,7
0,1,2,3,4,5,6,7
0,1,2,3,4,5,6,7
0,1,2,3,4,5,6,7
0,1,2,3,4,5,6,7
0,1,2,3,4,5,6,7
0,1,2,3,4,5,6,7
0,1,2,3,4,5,6,7
0,1,2,3,4,5,6,7
0,1,2,3,4,5,6,7
0,1,2,3,4,5,6,7
0,1,2,3,4,5,6,7
0,1,2,3,4,5,6,7
0,1,2,3,4,5,6,7
0,1,2,3,4,5,6,7
0,1,2,3,4,5,6,7
0,1,2,3,4,5,6,7
0,1,2,3,4,5,6,7
0,1,2,3,4,5,6,7
0,1,2,3,4,5,6,7
0,1,2,3,4,5,6,7
0,1,2,3,4,5,6,7
0,1,2,3,4,5,6,7
0,1,2,3,4,5,6,7
0,1,2,3,4,5,6,7
0,1,2,3,4,5,6,7
0,1,2,3,4,5,6,7
0,1,2,3,4,5,6,7
0,1,2,3,4,5,6,7
0,1,2,3,4,5,6,7
0,1,2,3,4,5,6,7
0,1,2,3,4,5,6,7
0,1,2,3,4,5,6,7
0,1,2,3,4,5,6,7
0,1,2,3,4,5,6,7
0,1,2,3,4,5,6,7
0,1,2,3,4,5,6,7
0,1,2,3,4,5,6,7
0,1,2,3,4,5,6,7
0,1,2,3,4,5,6,7
0,1,2,3,4,5,6,7
0,1,2,3,4,5,6,7
0,1,2,3,4,5,6,7
0,1,2,3,4,5,6,7
0,1,2,3,4,5,6,7
0,1,2,3,4,5,6,7
0,1,2,3,4,5,6,7
0,1,2,3,4,5,6,7
0,1,2,3,4,5,6,7
0,1,2,3,4,5,6,7
0,1,2,3,4,5,6,7
0,1,2,3,4,5,6,7
0,1,2,3,4,5,6,7
0,1,2,3,4,5,6,7
0,1,2,3,4,5,6,7
0,1,2,3,4,5,6,7
0,1,2,3,4,5,6,7
0,1,2,3,4,5,6,7
0,1,2,3,4,5,6,7
0,1,2,3,4,5,6,7
0,1,2,3,4,5,6,7
0,1,2,3,4,5,6,7
0,1,2,3,4,5,6,7
0,1,2,3,4,5,6,7
0,1,2,3,4,5,6,7
0,1,2,3,4,5,6,7
0,1,2,3,4,5,6,7
0,1,2,3,4,5,6,7
0,1,2,3,4,5,6,7
0,1,2,3,4,5,6,7
0,1,2,3,4,5,6,7
0,1,2,3,4,5,6,7
0,1,2,3,4,5,6,7
0,1,2,3,4,5,6,7
0,1,2,3,4,5,6,7
0,1,2,3,4,5,6,7
0,1,2,3,4,5,6,7
0,1,2,3,4,5,6,7
0,1,2,3,4,5,6,7
0,1,2,3,4,5,6,7
0,1,2,3,4,5,6,7
0,1,2,3,4,5,6,7
0,1,2,3,4,5,6,7
0,1,2,3,4,5,6,7
0,1,2,3,4,5,6,7
0,1,2,3,4,5,6,7
0,1,2,3,4,5,6,7
0,1,2,3,4,5,6,7
0,1,2,3,4,5,6,7
0,1,2,3,4,5,6,7
0,1,2,3,4,5,6,7
0,1,2,3,4,5,6,7
0,1,2,3,4,5,6,7
0,1,2,3,4,5,6,7
0,1,2,3,4,5,6,7
0,1,2,3,4,5,6,7
0,1,2,3,4,5,6,7
0,1,2,3,4,5,6,7
0,1,2,3,4,5,6,7
0,1,2,3,4,5,6,7
0,1,2,3,4,5,6,7
0,1,2,3,4,5,6,7
0,1,2,3,4,5,6,7
0,1,2,3,4,5,6,7
0,1,2,3,4,5,6,7
0,1,2,3,4,5,6,7
0,1,2,3,4,5,6,7
0,1,2,3,4,5,6,7
0,1,2,3,4,5,6,7
0,1,2,3,4,5,6,7
0,1,2,3,4,5,6,7
0,1,2,3,4,5,6,7
0,1,2,3,4,5,6,7
0,1,2,3,4,5,6,7
0,1,2,3,4,5,6,7
0,1,2,3,4,5,6,7
0,1,2,3,4,5,6,7
0,1,2,3,4,5,6,7
0,1,2,3,4,5,6,7
0,1,2,3,4,5,6,7
0,1,2,3,4,5,6,7
0,1,2,3,4,5,6,7
0,1,2,3,4,5,6,7
0,1,2,3,4,5,6,7
0,1,2,3,4,5,6,7
0,1,2,3,4,5,6,7
0,1,2,3,4,5,6,7
0,1,2,3,4,5,6,7
0,1,2,3,4,5,6,7
0,1,2,3,4,5,6,7
0,1,2,3,4,5,6,7
0,1,2,3,4,5,6,7
0,1,2,3,4,5,6,7
0,1,2,3,4,5,6,7
0,1,2,3,4,5,6,7
0,1,2,3,4,5,6,7
0,1,2,3,4,5,6,7
0,1,2,3,4,5,6,7
0,1,2,3,4,5,6,7
0,1,2,3,4,5,6,7
0,1,2,3,4,5,6,7
0,1,2,3,4,5,6,7
0,1,2,3,4,5,6,7
0,1,2,3,4,5,6,7
0,1,2,3,4,5,6,7
0,1,2,3,4,5,6,7
0,1,2,3,4,5,6,7
0,1,2,3,4,5,6,7
0,1,2,3,4,5,6,7
0,1,2,3,4,5,6,7
0,1,2,3,4,5,6,7
0,1,2,3,4,5,6,7
0,1,2,3,4,5,6,7
0,1,2,3,4,5,6,7
0,1,2,3,4,5,6,7
0,1,2,3,4,5,6,7
0,1,2,3,4,5,6,7
0,1,2,3,4,5,6,7
0,1,2,3,4,5,6,7
0,1,2,3,4,5,6,7
0,1,2,3,4,5,6,7
0,1,2,3,4,5,6,7
0,1,2,3,4,5,6,7
0,1,2,3,4,5,6,7
0,1,2,3,4,5,6,7
0,1,2,3,4,5,6,7
0,1,2,3,4,5,6,7
0,1,2,3,4,5,6,7
0,1,2,3,4,5,6,7
0,1,2,3,4,5,6,7
0,1,2,3,4,5,6,7
0,1,2,3,4,5,6,7
0,1,2,3,4,5,6,7
0,1,2,3,4,5,6,7
0,1,2,3,4,5,6,7
0,1,2,3,4,5,6,7
0,1,2,3,4,5,6,7
0,1,2,3,4,5,6,7
0,1,2,3,4,5,6,7
0,1,2,3,4,5,6,7
0,1,2,3,4,5,6,7
0,1,2,3,4,5,6,7
0,1,2,3,4,5,6,7
0,1,2,3,4,5,6,7
0,1,2,3,4,5,6,7
0,1,2,3,4,5,6,7
0,1,2,3,4,5,6,7
0,1,2,3,4,5,6,7
0,1,2,3,4,5,6,7
0,1,2,3,4,5,6,7
0,1,2,3,4,5,6,7
0,1,2,3,4,5,6,7
0,1,2,3,4,5,6,7
0,1,2,3,4,5,6,7
0,1,2,3,4,5,6,7
0,1,2,3,4,5,6,7
0,1,2,3,4,5,6,7
0,1,2,3,4,5,6,7
0,1,2,3,4,5,6,7
0,1,2,3,4,5,6,7
0,1,2,3,4,5,6,7
0,1,2,3,4,5,6,7
0,1,2,3,4,5,6,7
0,1,2,3,4,5,6,7
0,1,2,3,4,5,6,7
0,1,2,3,4,5,6,7
0,1,2,3,4,5,6,7
0,1,2,3,4,5,6,7
0,1,2,3,4,5,6,7
0,1,2,3,4,5,6,7
0,1,2,3,4,5,6,7
0,1,2,3,4,5,6,7
0,1,2,3,4,5,6,7
0,1,2,3,4,5,6,7
0,1,2,3,4,5,6,7
0,1,2,3,4,5,6,7
0,1,2,3,4,5,6,7
0,1,2,3,4,5,6,7
0,1,2,3,4,5,6,7
0,1,2,3,4,5,6,7
0,1,2,3,4,5,6,7
0,1,2,3,4,5,6,7
0,1,2,3,4,5,6,7
0,1,2,3,4,5,6,7
0,1,2,3,4,5,6,7
0,1,2,3,4,5,6,7
0,1,2,3,4,5,6,7
0,1,2,3,4,5,6,7
0,1,2,3,4,5,6,7
0,1,2,3,4,5,6,7
0,1,2,3,4,5,6,7
0,1,2,3,4,5,6,7
0,1,2,3,4,5,6,7
0,1,2,3,4,5,6,7
0,1,2,3,4,5,6,7
0,1,2,3,4,5,6,7
0,1,2,3,4,5,6,7
0,1,2,3,4,5,6,7
0,1,2,3,4,5,6,7
0,1,2,3,4,5,6,7
0,1,2,3,4,5,6,7
0,1,2,3,4,5,6,7
0,1,2,3,4,5,6,7
0,1,2,3,4,5,6,7
0,1,2,3,4,5,6,7
0,1,2,3,4,5,6,7
0,1,2,3,4,5,6,7
0,1,2,3,4,5,6,7
0,1,2,3,4,5,6,7
0,1,2,3,4,5,6,7
0,1,2,3,4,5,6,7
0,1,2,3,4,5,6,7
0,1,2,3,4,5,6,7
0,1,2,3,4,5,6,7
0,1,2,3,4,5,6,7
0,1,2,3,4,5,6,7
0,1,2,3,4,5,6,7
0,1,2,3,4,5,6,7
0,1,2,3,4,5,6,7
0,1,2,3,4,5,6,7
0,1,2,3,4,5,6,7
0,1,2,3,4,5,6,7
0,1,2,3,4,5,6,7
0,1,2,3,4,5,6,7
0,1,2,3,4,5,6,7
0,1,2,3,4,5,6,7
0,1,2,3,4,5,6,7
0,1,2,3,4,5,6,7
0,1,2,3,4,5,6,7
0,1,2,3,4,5,6,7
0,1,2,3,4,5,6,7
0,1,2,3,4,5,6,7
0,1,2,3,4,5,6,7
0,1,2,3,4,5,6,7
0,1,2,3,4,5,6,7
0,1,2,3,4,5,6,7
0,1,2,3,4,5,6,7
0,1,2,3,4,5,6,7
0,1,2,3,4,5,6,7
0,1,2,3,4,5,6,7
0,1,2,3,4,5,6,7
0,1,2,3,4,5,6,7
0,1,2,3,4,5,6,7
0,1,2,3,4,5,6,7
0,1,2,3,4,5,6,7
0,1,2,3,4,5,6,7
0,1,2,3,4,5,6,7
0,1,2,3,4,5,6,7
0,1,2,3,4,5,6,7
0,1,2,3,4,5,6,7
0,1,2,3,4,5,6,7
0,1,2,3,4,5,6,7
0,1,2,3,4,5,6,7
0,1,2,3,4,5,6,7
0,1,2,3,4,5,6,7
0,1,2,3,4,5,6,7
0,1,2,3,4,5,6,7
0,1,2,3,4,5,6,7
0,1,2,3,4,5,6,7
0,1,2,3,4,5,6,7
0,1,2,3,4,5,6,7
0,1,2,3,4,5,6,7
0,1,2,3,4,5,6,7
0,1,2,3,4,5,6,7
0,1,2,3,4,5,6,7
0,1,2,3,4,5,6,7
0,1,2,3,4,5,6,7
0,1,2,3,4,5,6,7
0,1,2,3,4,5,6,7
0,1,2,3,4,5,6,7
0,1,2,3,4,5,6,7
0,1,2,3,4,5,6,7
0,1,2,3,4,5,6,7
0,1,2,3,4,5,6,7
0,1,2,3,4,5,6,7
0,1,2,3,4,5,6,7
0,1,2,3,4,5,6,7
0,1,2,3,4,5,6,7
0,1,2,3,4,5,6,7
0,1,2,3,4,5,6,7
0,1,2,3,4,5,6,7
0,1,2,3,4,5,6,7
0,1,2,3,4,5,6,7
0,1,2,3,4,5,6,7
0,1,2,3,4,5,6,7
0,1,2,3,4,5,6,7
0,1,2,3,4,5,6,7
0,1,2,3,4,5,6,7
0,1,2,3,4,5,6,7
0,1,2,3,4,5,6,7
0,1,2,3,4,5,6,7
0,1,2,3,4,5,6,7
0,1,2,3,4,5,6,7
0,1,2,3,4,5,6,7
0,1,2,3,4,5,6,7
0,1,2,3,4,5,6,7
0,1,2,3,4,5,6,7
0,1,2,3,4,5,6,7
0,1,2,3,4,5,6,7
0,1,2,3,4,5,6,7
0,1,2,3,4,5,6,7
0,1,2,3,4,5,6,7
0,1,2,3,4,5,6,7
0,1,2,3,4,5,6,7
0,1,2,3,4,5,6,7
0,1,2,3,4,5,6,7
0,1,2,3,4,5,6,7
0,1,2,3,4,5,6,7
0,1,2,3,4,5,6,7
0,1,2,3,4,5,6,7
0,1,2,3,4,5,6,7
0,1,2,3,4,5,6,7
0,1,2,3,4,5,6,7
0,1,2,3,4,5,6,7
0,1,2,3,4,5,6,7
0,1,2,3,4,5,6,7
0,1,2,3,4,5,6,7
0,1,2,3,4,5,6,7
0,1,2,3,4,5,6,7
0,1,2,3,4,5,6,7
0,1,2,3,4,5,6,7
0,1,2,3,4,5,6,7
0,1,2,3,4,5,6,7
0,1,2,3,4,5,6,7
0,1,2,3,4,5,6,7
0,1,2,3,4,5,6,7
0,1,2,3,4,5,6,7
0,1,2,3,4,5,6,7
0,1,2,3,4,5,6,7
0,1,2,3,4,5,6,7
0,1,2,3,4,5,6,7
0,1,2,3,4,5,6,7
0,1,2,3,4,5,6,7
0,1,2,3,4,5,6,7
0,1,2,3,4,5,6,7
0,1,2,3,4,5,6,7
0,1,2,3,4,5,6,7
0,1,2,3,4,5,6,7
0,1,2,3,4,5,6,7
0,1,2,3,4,5,6,7
0,1,2,3,4,5,6,7
0,1,2,3,4,5,6,7
0,1,2,3,4,5,6,7
0,1,2,3,4,5,6,7
0,1,2,3,4,5,6,7
0,1,2,3,4,5,6,7
0,1,2,3,4,5,6,7
0,1,2,3,4,5,6,7
0,1,2,3,4,5,6,7
0,1,2,3,4,5,6,7
0,1,2,3,4,5,6,7
0,1,2,3,4,5,6,7
0,1,2,3,4,5,6,7
0,1,2,3,4,5,6,7
0,1,2,3,4,5,6,7
0,1,2,3,4,5,6,7
0,1,2,3,4,5,6,7
0,1,2,3,4,5,6,7
0,1,2,3,4,5,6,7
0,1,2,3,4,5,6,7
0,1,2,3,4,5,6,7
0,1,2,3,4,5,6,7
0,1,2,3,4,5,6,7
0,1,2,3,4,5,6,7
0,1,2,3,4,5,6,7
0,1,2,3,4,5,6,7
0,1,2,3,4,5,6,7
0,1,2,3,4,5,6,7
0,1,2,3,4,5,6,7
0,1,2,3,4,5,6,7
0,1,2,3,4,5,6,7
0,1,2,3,4,5,6,7
0,1,2,3,4,5,6,7
0,1,2,3,4,5,6,7
0,1,2,3,4,5,6,7
0,1,2,3,4,5,6,7
0,1,2,3,4,5,6,7
0,1,2,3,4,5,6,7
0,1,2,3,4,5,6,7
0,1,2,3,4,5,6,7
0,1,2,3,4,5,6,7
0,1,2,3,4,5,6,7
0,1,2,3,4,5,6,7
0,1,2,3,4,5,6,7
0,1,2,3,4,5,6,7
0,1,2,3,4,5,6,7
0,1,2,3,4,5,6,7
0,1,2,3,4,5,6,7
0,1,2,3,4,5,6,7
0,1,2,3,4,5,6,7
0,1,2,3,4,5,6,7
0,1,2,3,4,5,6,7
0,1,2,3,4,5,6,7
0,1,2,3,4,5,6,7
0,1,2,3,4,5,6,7
0,1,2,3,4,5,6,7
0,1,2,3,4,5,6,7
0,1,2,3,4,5,6,7
0,1,2,3,4,5,6,7
0,1,2,3,4,5,6,7
0,1,2,3,4,5,6,7
0,1,2,3,4,5,6,7
0,1,2,3,4,5,6,7
0,1,2,3,4,5,6,7
0,1,2,3,4,5,6,7
0,1,2,3,4,5,6,7
0,1,2,3,4,5,6,7
0,1,2,3,4,5,6,7
0,1,2,3,4,5,6,7
0,1,2,3,4,5,6,7
0,1,2,3,4,5,6,7
0,1,2,3,4,5,6,7
0,1,2,3,4,5,6,7
0,1,2,3,4,5,6,7
0,1,2,3,4,5,6,7
0,1,2,3,4,5,6,7
0,1,2,3,4,5,6,7
0,1,2,3,4,5,6,7
0,1,2,3,4,5,6,7
0,1,2,3,4,5,6,7
0,1,2,3,4,5,6,7
0,1,2,3,4,5,6,7
0,1,2,3,4,5,6,7
0,1,2,3,4,5,6,7
0,1,2,3,4,5,6,7
0,1,2,3,4,5,6,7
0,1,2,3,4,5,6,7
0,1,2,3,4,5,6,7
0,1,2,3,4,5,6,7
0,1,2,3,4,5,6,7
0,1,2,3,4,5,6,7
0,1,2,3,4,5,6,7
0,1,2,3,4,5,6,7
0,1,2,3,4,5,6,7
0,1,2,3,4,5,6,7
0,1,2,3,4,5,6,7
0,1,2,3,4,5,6,7
0,1,2,3,4,5,6,7
0,1,2,3,4,5,6,7
0,1,2,3,4,5,6,7
0,1,2,3,4,5,6,7
0,1,2,3,4,5,6,7
0,1,2,3,4,5,6,7
0,1,2,3,4,5,6,7
0,1,2,3,4,5,6,7
0,1,2,3,4,5,6,7
0,1,2,3,4,5,6,7
0,1,2,3,4,5,6,7
0,1,2,3,4,5,6,7
0,1,2,3,4,5,6,7
0,1,2,3,4,5,6,7
0,1,2,3,4,5,6,7
0,1,2,3,4,5,6,7
0,1,2,3,4,5,6,7
0,1,2,3,4,5,6,7
0,1,2,3,4,5,6,7
0,1,2,3,4,5,6,7
0,1,2,3,4,5,6,7
0,1,2,3,4,5,6,7
0,1,2,3,4,5,6,7
0,1,2,3,4,5,6,7
0,1,2,3,4,5,6,7
0,1,2,3,4,5,6,7
0,1,2,3,4,5,6,7
0,1,2,3,4,5,6,7
0,1,2,3,4,5,6,7
0,1,2,3,4,5,6,7
0,1,2,3,4,5,6,7
0,1,2,3,4,5,6,7
0,1,2,3,4,5,6,7
0,1,2,3,4,5,6,7
0,1,2,3,4,5,6,7
0,1,2,3,4,5,6,7
0,1,2,3,4,5,6,7
0,1,2,3,4,5,6,7
0,1,2,3,4,5,6,7
0,1,2,3,4,5,6,7
0,1,2,3,4,5,6,7
0,1,2,3,4,5,6,7
0,1,2,3,4,5,6,7
0,1,2,3,4,5,6,7
0,1,2,3,4,5,6,7
0,1,2,3,4,5,6,7
0,1,2,3,4,5,6,7
0,1,2,3,4,5,6,7
0,1,2,3,4,5,6,7
0,1,2,3,4,5,6,7
0,1,2,3,4,5,6,7
0,1,2,3,4,5,6,7
0,1,2,3,4,5,6,7
0,1,2,3,4,5,6,7
0,1,2,3,4,5,6,7
0,1,2,3,4,5,6,7
0,1,2,3,4,5,6,7
0,1,2,3,4,5,6,7
0,1,2,3,4,5,6,7
0,1,2,3,4,5,6,7
0,1,2,3,4,5,6,7
0,1,2,3,4,5,6,7
0,1,2,3,4,5,6,7
0,1,2,3,4,5,6,7
0,1,2,3,4,5,6,7
0,1,2,3,4,5,6,7
0,1,2,3,4,5,6,7
0,1,2,3,4,5,6,7
0,1,2,3,4,5,6,7
0,1,2,3,4,5,6,7
0,1,2,3,4,5,6,7
0,1,2,3,4,5,6,7
0,1,2,3,4,5,6,7
0,1,2,3,4,5,6,7
0,1,2,3,4,5,6,7
0,1,2,3,4,5,6,7
0,1,2,3,4,5,6,7
0,1,2,3,4,5,6,7
0,1,2,3,4,5,6,7
0,1,2,3,4,5,6,7
0,1,2,3,4,5,6,7
0,1,2,3,4,5,6,7
0,1,2,3,4,5,6,7
0,1,2,3,4,5,6,7
0,1,2,3,4,5,6,7
0,1,2,3,4,5,6,7
0,1,2,3,4,5,6,7
0,1,2,3,4,5,6,7
0,1,2,3,4,5,6,7
0,1,2,3,4,5,6,7
0,1,2,3,4,5,6,7
0,1,2,3,4,5,6,7
0,1,2,3,4,5,6,7
0,1,2,3,4,5,6,7
0,1,2,3,4,5,6,7
0,1,2,3,4,5,6,7
0,1,2,3,4,5,6,7
0,1,2,3,4,5,6,7
0,1,2,3,4,5,6,7
0,1,2,3,4,5,6,7
0,1,2,3,4,5,6,7
0,1,2,3,4,5,6,7
0,1,2,3,4,5,6,7
0,1,2,3,4,5,6,7
0,1,2,3,4,5,6,7
0,1,2,3,4,5,6,7
0,1,2,3,4,5,6,7
0,1,2,3,4,5,6,7
0,1,2,3,4,5,6,7
0,1,2,3,4,5,6,7
0,1,2,3,4,5,6,7
0,1,2,3,4,5,6,7
0,1,2,3,4,5,6,7
0,1,2,3,4,5,6,7
0,1,2,3,4,5,6,7
0,1,2,3,4,5,6,7
0,1,2,3,4,5,6,7
0,1,2,3,4,5,6,7
0,1,2,3,4,5,6,7
0,1,2,3,4,5,6,7
0,1,2,3,4,5,6,7
0,1,2,3,4,5,6,7
0,1,2,3,4,5,6,7
0,1,2,3,4,5,6,7
0,1,2,3,4,5,6,7
0,1,2,3,4,5,6,7
0,1,2,3,4,5,6,7
0,1,2,3,4,5,6,7
0,1,2,3,4,5,6,7
0,1,2,3,4,5,6,7
0,1,2,3,4,5,6,7
0,1,2,3,4,5,6,7
0,1,2,3,4,5,6,7
0,1,2,3,4,5,6,7
0,1,2,3,4,5,6,7
0,1,2,3,4,5,6,7
0,1,2,3,4,5,6,7
0,1,2,3,4,5,6,7
0,1,2,3,4,5,6,7
0,1,2,3,4,5,6,7
0,1,2,3,4,5,6,7
0,1,2,3,4,5,6,7
0,1,2,3,4,5,6,7
0,1,2,3,4,5,6,7
0,1,2,3,4,5,6,7
0,1,2,3,4,5,6,7
0,1,2,3,4,5,6,7
0,1,2,3,4,5,6,7
0,1,2,3,4,5,6,7
0,1,2,3,4,5,6,7
0,1,2,3,4,5,6,7
0,1,2,3,4,5,6,7
0,1,2,3,4,5,6,7
0,1,2,3,4,5,6,7
0,1,2,3,4,5,6,7
0,1,2,3,4,5,6,7
0,1,2,3,4,5,6,7
0,1,2,3,4,5,6,7
0,1,2,3,4,5,6,7
0,1,2,3,4,5,6,7
0,1,2,3,4,5,6,7
0,1,2,3,4,5,6,7
0,1,2,3,4,5,6,7
0,1,2,3,4,5,6,7
0,1,2,3,4,5,6,7
0,1,2,3,4,5,6,7
0,1,2,3,4,5,6,7
0,1,2,3,4,5,6,7
0,1,2,3,4,5,6,7
0,1,2,3,4,5,6,7
0,1,2,3,4,5,6,7
0,1,2,3,4,5,6,7
0,1,2,3,4,5,6,7
0,1,2,3,4,5,6,7
0,1,2,3,4,5,6,7
0,1,2,3,4,5,6,7
0,1,2,3,4,5,6,7
0,1,2,3,4,5,6,7
0,1,2,3,4,5,6,7
0,1,2,3,4,5,6,7
0,1,2,3,4,5,6,7
0,1,2,3,4,5,6,7
0,1,2,3,4,5,6,7
0,1,2,3,4,5,6,7
0,1,2,3,4,5,6,7
0,1,2,3,4,5,6,7
0,1,2,3,4,5,6,7
0,1,2,3,4,5,6,7
0,1,2,3,4,5,6,7
0,1,2,3,4,5,6,7
0,1,2,3,4,5,6,7
0,1,2,3,4,5,6,7
0,1,2,3,4,5,6,7
0,1,2,3,4,5,6,7
0,1,2,3,4,5,6,7
0,1,2,3,4,5,6,7
0,1,2,3,4,5,6,7
0,1,2,3,4,5,6,7
0,1,2,3,4,5,6,7
0,1,2,3,4,5,6,7
0,1,2,3,4,5,6,7
0,1,2,3,4,5,6,7
0,1,2,3,4,5,6,7
0,1,2,3,4,5,6,7
0,1,2,3,4,5,6,7
0,1,2,3,4,5,6,7
0,1,2,3,4,5,6,7
0,1,2,3,4,5,6,7
0,1,2,3,4,5,6,7
0,1,2,3,4,5,6,7
0,1,2,3,4,5,6,7
0,1,2,3,4,5,6,7
0,1,2,3,4,5,6,7
0,1,2,3,4,5,6,7
0,1,2,3,4,5,6,7
0,1,2,3,4,5,6,7
0,1,2,3,4,5,6,7
0,1,2,3,4,5,6,7
0,1,2,3,4,5,6,7
0,1,2,3,4,5,6,7
0,1,2,3,4,5,6,7
0,1,2,3,4,5,6,7
0,1,2,3,4,5,6,7
0,1,2,3,4,5,6,7
0,1,2,3,4,5,6,7
0,1,2,3,4,5,6,7
0,1,2,3,4,5,6,7
0,1,2,3,4,5,6,7
0,1,2,3,4,5,6,7
