pdb_id,chain,peptide,start,end,nr_of_residues,score
6VSB,A,"D1139,P1140,L1141,Q1142,P1143,E1144,L1145,D1146",1139,1146,8,0.975
6VSB,A,"Y707,S708,N709,N710,S711,I712,A713,I714,P715,T716,N717,Q1071,K1073,N1074,F1075,T1076,T1077,A1078,P1079,A1080,I1081,C1082,H1083,D1084,G1085,K1086,A1087,H1088,F1089,P1090,R1091,E1092,G1093,V1094,F1095,V1096,S1097,N1098,G1099,T1100,H1101,W1102,F1103,V1104,T1105,Q1106,R1107,F1109,Y1110,E1111,P1112,Q1113,I1114,I1115,T1116,T1117,D1118,N1119,T1120,F1121,V1122,S1123,G1124,N1125,C1126,D1127,V1128,V1129,I1130,G1131,I1132,V1133,N1134,N1135,T1136,V1137,Y1138",707,1138,77,0.845
6VSB,A,"L335,C336,P337,F338,G339,E340,V341,F342,N343,A344,T345,R346,F347,A348,S349,V350,Y351,A352,W353,N354,R355,K356,R357,I358,S359,N360,C361,V362,A363,D364,Y365,S366,V367,L368,Y369,N370,S371,A372,S373,F374,S375,T376,F377,K378,C379,Y380,L390,C391,F392,T393,N394,V395,Y396,A397,D398,S399,F400,V401,I402,R403,G404,D405,E406,V407,R408,Q409,I410,A411,P412,G413,Q414,T415,G416,K417,I418,A419,D420,Y421,N422,Y423,K424,L425,P426,D427,D428,F429,T430,G431,C432,V433,I434,A435,W436,N437,S438,N439,N440,L441,D442,S443,Y449,N450,Y451,L452,Y453,R454,P491,L492,Q493,S494,Y495,G496,F497,Q498,P499,T500,V503,G504,Y505,Q506,P507,Y508,R509,V510,V511,V512,L513,S514,F515,E516,L517,L518,H519,A520,P521,A522,T523,V524,C525,G526,P527,K528",335,528,142,0.799
6VSB,A,"F559,L560,P561,F562,Q563",559,563,5,0.789
6VSB,A,"F79,D80,N81,P82,V83,L84,P85,I100,I101,R102,G103,W104,I105,T108,T109,L110,D111,S112,K113,T114,Q115,S116,L117,L118,I119,V120,N121,N122,A123,T124,N125,V126,V127,I128,K129,V130,C131,E132,F133,Q134,F135,C136,N137,D138,P139,F140,L141,G142,E156,F157,R158,V159,Y160,S161,S162,A163,N164,N165,C166,T167,F168,E169,Y170,V171,S172,Q173,P174,F175,L176,T236,R237,F238,Q239,T240,L241,L242,A243,L244,H245,R246",79,246,80,0.756
5WRG,A,"F334,P335,S336,V337,Y338,A339,W340,E341,F360,F361,S386,F387,V388,V389,K390,G391,D392,D393,Q396,I397,Q401,T402,G403,V404,I405,A406,D407,Y408,N409,Y410,K411,W423,N424,T425,R426,N427,I428,D429,A430,T431,S432,T433,G434,N435,Y436,N437,Y438,K439,Y440,R441,Y442,L443,R444,H445,G446,K447,L448,R449,P450,E452,R453,D454,I455,S456,N457,V458,P459,F460,S461,P462,D463,G464,K465,P466,C467,T468,P469,P470,A471,L472,N473,C474,Y475,W476,P477,L478,N479,D480,Y481,G482,F483,Y484,T485,T486,T487,G488,I489,G490,Y491,Q492,P493,Y494,R495",334,495,103,0.804
4L72,A,"S39,R40,K41,T42,Y43,T44,T46,D47,K50,T52,Y53,D496,S498,A499,L500,D501,K502,M503,L504,Q505,N506,V507,Q508,M509,P510,S511,L530,P531,P532,H533,F534,D535,K536,S537,K538,K539,Y540,P541,A568,S569,T570,E571,N572,I573,E608,A610,R611,Q612,S614,K615,M616,G617,F618,V619,D620,N621,K622,R623,I624,G641,S642,G643,S644,G645,V646,F647,K648,C649,S657,T687,M689,S690,R691,A692,E693,N694,F695,K696,Q697,V698,E699,A717,Q718,S720,K721,A722,L723,V724,D725,V726,G727,V728,D729,F730,Q731,A732,M733,W734,H750,T753,H754,S756,H757,F758,I759,K760,Q761,C762,F763,S764,L765,P766",39,766,112,0.745
4L72,A,"P234,L235,E237,S239,F240,Y241,S242,D243,E244,S245,L246,Q247,Y248,P249,K250,T251,R253,T706,T736,D737",234,737,20,0.744
7CYD,A,"D572,S573,V574,S575,A576,I577,V578,T579,A580,N581,L582,S583,I584,S586,N587,T653,F654,D655,K656,K657,A658,F659,T660,L661,A662,N663,V664,S665,S666,I676,P677,M747,A757,L758,G759,G760,L761,T762,S763,A764,A765,S766,I767,P768,S770,L771,A772,Q774,S775,N778,A781,L782,Q783,T784,D785,V786,L787,Q788,E789,Q791,K792,T955,Q956,Y957,K958,D959,V960,E961,A962,W963,S964,G965,L966,C967,V968,D969,G970,R971,N972,G973,Y974,V975,L976,R977,Q978,P979,N980,L981,A982,L983,Y984,K985,E986,G987,N988,Y989,Y990,R991,I992,T993,S994,R995,I996,M997,F998,E999,P1000,R1001,I1002,P1003,T1004,I1005,A1006,D1007,F1008,V1009,Q1010,I1011,E1012,N1013,C1014,N1015,V1016,T1017,F1018,V1019,N1020,I1021,S1022,R1023,S1024,E1025,L1026,Q1027,T1028,I1029,V1030,P1031,E1032,Y1033",572,1033,140,0.774
7CYD,A,"C81,L82,W83,S84,V85,S86,G87,L88,R89,F90,T91,T92,G93,F94,V95,Y96,N98,G99,T100,G101,R102,G103,D104,C105,K106,G107,F108,S109,S110,D111,V112,L121,N122,F123,E124,E125,N126,L127,R128,R129,G130,T131,I132,L133,F134,K135,T136,S137,Y138,G139,V140,V141,V142,F143,Y144,C145,T146,N147,N148,T149,L150,V151,S152,G153,D154,A155,H156,I157,P158,F159,G160,T161,V162,F166,Y167,C168,F169,V170,N171,T172,T173,I174,G175,N176,E177,T178,T179,S180,A181,F182,V183,G184,A185,L186,P187,K188,T189,V190,R191,V214,E215,A216,V217,N218,F219,N220,V221,T222,T223,A224,E225,T226,T227,D228,F229,C230,T231,V232,A233",81,233,119,0.733
7CYD,A,"L286,P287,V288,S289,I290,V291,S292,L293,P294,V295,Y296,H297,K298,H299,T300,F301,I302,V303,L304,Y305,V306,D307,F308,K309,P310,Q311,S312,G313,G314,G315,K316,C317,F318,N319,C320,Y321,P322,A323,G324,V325,N326,I327,T328,L329,A330,N331,F332,N333,E334,T335,K336,G337,P338,L339,C340,V341,D342,T343,S344,H345,F346,T347,T348,K349,Y350,V351,A352,V353,Y354,A355,N356,V357,G358,R359,W360,G367,N368,C369,G374,K375,V376,N377,N378,F379,V380,K381,F382,G383,S384,V385,C386,F387,S388,L389,K390,D391,I392,P393,G394,G395,C396,A397,W404,K408,Y410,T411,I412,G413,S414,L415,Y416,V417,S418,W419,S420,D421,G422,D423,G424,I425,T426,G427,V428,P429,Q430,P431,V432,E433,G434,V435,S436,S437,F438,M439,N440,V441,T442,L443,D444,K445,C446,N450,I451,Y452,D453,I460,R461,V462,S463,N464,D465,T466,F467,L468,N469,G470,I471,T472,Y473,T474,S475,G478,N479,L480,L481,G482,F483,K484,D485,V486,T487,K488,G489,T490,I491,Y492,S493",286,493,177,0.72
6WJI,A,"I320,G321,M322,E323,V324,T325,P326,S327,G328,T329,W330",320,330,11,0.848
6WJI,A,"L339,D340,D341,K342,D343,P344,N345,F346,K347,D348,I351",339,351,11,0.797
6WJI,A,"Q289,T362,F363,P364",289,364,4,0.778
2CJR,A,"K339,L340,D341,D342,K343,D344,P345,Q346,F347,K348,D349,I352",339,352,12,0.786
2CJR,A,"Q290,K362,T363,F364,P365",290,365,5,0.767
2CJR,A,"S251,A252,A253,E254,A255,S256,K257,K258,Y269",251,269,9,0.752
6KL2,A,"Q49,D82,L94,A95,P96",49,96,5,0.743
6KL2,A,"H50,L156,P157,K158,N159",50,159,5,0.738
5EPW,A,"P282,Q284,A285,A286,F288,F289,D290,S291,E292,V293,S294,T295,D296,E297,V298,G299,D300,N301,V302,Q303",282,303,20,0.751
5EPW,A,"E279,L311,V312,A313,K314,D315,N316,K317,N318,L319,P320",279,320,11,0.733
1Q2W,A,"F3,A211,V212,I213,N214,G215,D216,R217,W218,F219,L220,N221,R222,F223,T224,T225,T226,L227,N228,D229,F230,N231,L232,V233,A234,M235,K236,Y237,Y239,P241,L242,T243,Q244,D245,V247,D248,G251,P252,S254,A255,Q256,T257,G258,I259,A260,V261,L262,D263,A266,A267,K269,E270,L271,L272,Q273,N274,G275,M276,N277,G278,R279,T280,I281,L282,G283,S284,T285,I286,C300,S301",3,301,70,0.727
1Q2W,A,"G11,K12,G15,C16,C22,G23,T24,T25,D33,D34,R40,I43,C44,M49,L50,N51,P52,N53,Y54,E55,D56,L57,L58,I59,R60,K61,S62,N63,H64,S65,L67,Q69,A70,G71,N72,V73,Q74,L75,R76,V77,I78,G79,H80,S81,M82,K90,V91,D92,T93,S94,N95,P96,K97,T98,P99,K100,N133,D153,Y154,C156,G183,P184,F185,V186,D187,R188,Q189,T190,A191,Q192,A193,A194,G195,T196,D197",11,197,75,0.704
7NH7,A,"Y132,D133,P134,I135,T136,K137,N138,I139,G140,E141,Y142",132,142,11,0.787
4WUR,A,"D125,C180,C181,S182,A183,R184,V186,W187,R188,E189,W190,C191,N192,V193,C194,G195,I196,K197,D198,V199,V200,L201,G203,R219,A220,R221,M222,T223,Y224,V225,C226,Q227,C228,G229,G230,E231,R232,H233,R234,Q235,L236,V237,E238,T240,Y317,S318,S319",125,319,47,0.765
4WUR,A,"T3,I4,E5,V6,L7,V8,T9,V10,D11,G12,V13,N14,F15,R16,T17,V18,V19,L20,N21,N22,K23,N24,T25,Y26,R27,S28,Q29,L30,G31,C32,V33,F34,F35,N36,G37,A38,D39,I40,S41,D42,T43,I44,P45,D46,E47,K48,Q49,N50,G51,H52,S53,L54,L56,A57,D58,N59,L60,T61,A62,D63,E64,T65,K66,A67,K69,E70,P74",3,74,67,0.708
4RS4,A,"S0,G1,L2,E3,N4,I5,A6,F7,N8,V9,V10,N11,K12,S14,F15,V16,S17,A18,D19,G20,E21,L22,P23,V24,A25,I26,S27,G28,D29,K30,V31,F32,V33,R34,D35,G36,N37,T38,D39,N40,L41,V42,V44,N45,K46,T47,S48,L49,P50,T51,N52",0,52,51,0.745
4RS4,A,"V78,F107,A108,E109,D110,V111,C112,I119,Q120,G121,S122,Y123,E124,R125,F126,T127,L128,S129,T130,N131,A137,T138,A139,V140,K141,A142,G143,G144,K145,S146,L147,P148,A149,R182,K183,D184,G185,K186,P187,V188,D189,H190,Y191",78,191,43,0.723
5NH0,A,"S1,G2,L3,A211,L212,L213,N214,G215,C216,R217,W218,W219,L220,C221,S222,T223,R224,V225,N226,V227,D228,G229,F230,N231,E232,W233,A234,M235,A236,N237,Y239,S241,V242,S243,S244,V245,E246,C247,S249,I250,L251,A252,A253,K254,T255,G256,V257,S258,V259,E260,Q261,L263,A264,S265,Q267,H268,L269,H270,E271,G272,F273,G274,G275,K276,N277,I278,L279,G280,Y281,S282,S283,M297,Y298",1,298,73,0.72
5NH0,A,"G11,R15,R19,C21,Y22,G23,S24,T25,G33,D34,R40,I43,A44,P45,S46,T47,T48,V49,L50,I51,D52,Y53,D54,H55,A56,Y57,S58,T59,M60,R61,L62,H63,N64,S66,S68,H69,N70,G71,V72,F73,L74,G75,V76,V77,G78,V79,T80,M81,G83,K89,V90,S91,Q92,S93,N94,V95,H96,T97,P98,K99,H100,E118,N132,R152,N153,D154,G155,T156,D186,D187,Q188,P189,S190,L191,Q192,V193,E194,S195,A196",11,196,79,0.708
6XDC,A,"S40,L41,P42,F43,S92,H93,L94,L95,L96,V97,A98,A99,G100,L101,E102,A103,P104,F105,L106,Y107,L108,Y109,A110,L111",40,111,24,0.834
6XDC,A,"H150,T151,N152,C153,D155,G172,D173,G174,H182,K192,W193,E194,S195,G196,S216,T217,Q218,L219,S220,T221,D222,T223,G224,V225,E226,H227,V228",150,228,27,0.732
