peptide,tiny_aa_percentage,small_aa_percentage,aliphatic_aa_percentage,aromatic_aa_percentage,non_polar_aa_percentage,polar_aa_percentage,charged_aa_percentage,basic_aa_percentage,acidic_aa_percentage
VVVLSFELLHAPATVC,45.455,63.636,18.182,18.182,54.545,45.455,9.091,0.0,9.091
TNFTISVTTEILP,12.5,37.5,50.0,12.5,62.5,37.5,12.5,12.5,0.0
VGLMWLSYFIASFR,36.364,72.727,36.364,18.182,63.636,36.364,9.091,0.0,9.091
EFVFKNIDGYFKI,7.692,30.769,23.077,30.769,61.538,38.462,30.769,15.385,15.385
QPYRVVVLSFELLHA,13.333,40.0,46.667,20.0,66.667,33.333,20.0,13.333,6.667
LCPFGEVFNATRFASVYA,38.889,61.111,33.333,22.222,72.222,27.778,11.111,5.556,5.556
FPREGVFVSNGTHWFV,25.0,56.25,18.75,31.25,62.5,37.5,18.75,12.5,6.25
MWLSYFIASFRLFARTR,29.412,29.412,29.412,29.412,64.706,35.294,17.647,17.647,0.0
INITRFQTLLALHRSY,25.0,31.25,37.5,18.75,50.0,50.0,18.75,18.75,0.0
GLMWLSYFIASFRLFA,31.25,31.25,37.5,31.25,81.25,18.75,6.25,6.25,0.0
HTPINLVRDLPQGF,14.286,50.0,28.571,14.286,57.143,42.857,21.429,14.286,7.143
FLYIIKLIFLWLLWPV,0.0,12.5,56.25,31.25,93.75,6.25,6.25,6.25,0.0
RVVVLSFELLHAPATVC,66.667,66.667,11.111,22.222,55.556,44.444,0.0,0.0,0.0
NLVIGFLFLTWICLLQ,16.667,41.667,16.667,16.667,25.0,75.0,58.333,41.667,16.667
RWYFYYLGTGPEAG,35.714,42.857,14.286,35.714,78.571,21.429,14.286,7.143,7.143
SNLLLQYGSFCTQ,38.462,46.154,23.077,15.385,53.846,46.154,0.0,0.0,0.0
CLVGLMWLSYFIASFRLF,27.778,33.333,38.889,27.778,83.333,16.667,5.556,5.556,0.0
INITRFQTLLALHRSY,25.0,31.25,37.5,18.75,50.0,50.0,18.75,18.75,0.0
ESIVRFPNITNLCP,21.429,57.143,28.571,7.143,57.143,42.857,14.286,7.143,7.143
WITGGIAIAMACLVG,53.333,60.0,53.333,6.667,93.333,6.667,0.0,0.0,0.0
RNPANNAAIVLQLPQGT,40.0,60.0,20.0,13.333,46.667,53.333,20.0,20.0,0.0
QWNLVIGFLFLTWI,14.286,28.571,42.857,28.571,78.571,21.429,0.0,0.0,0.0
TRFQTLLALHRSY,30.769,30.769,30.769,23.077,46.154,53.846,23.077,23.077,0.0
LVIGFLFLTWICLL,37.5,62.5,25.0,12.5,62.5,37.5,12.5,12.5,0.0
YIIKLIFLWLLWPVTL,6.25,18.75,56.25,25.0,87.5,12.5,6.25,6.25,0.0
FVFKNIDGYFKIYSKH,50.0,66.667,8.333,8.333,41.667,58.333,16.667,8.333,8.333
EVFNATRFASVY,30.769,46.154,15.385,15.385,61.538,38.462,7.692,7.692,0.0
FGGFNFSQILPDPS,28.571,57.143,14.286,21.429,64.286,35.714,7.143,0.0,7.143
VTQQLIRAAEIRASAN,37.5,50.0,50.0,0.0,50.0,50.0,18.75,12.5,6.25
ITRFQTLLALHRSYLT,31.25,31.25,37.5,18.75,50.0,50.0,18.75,18.75,0.0
RSFIEDLLFNKVTLA,45.455,54.545,45.455,9.091,54.545,45.455,9.091,9.091,0.0
GNYNYLYRLFRKSN,25.0,58.333,25.0,0.0,50.0,50.0,8.333,8.333,0.0
GTRNPANNAAIVLQLPQ,28.571,42.857,14.286,14.286,42.857,57.143,42.857,42.857,0.0
GEVFNATRFASVYAWNR,0.0,50.0,25.0,12.5,37.5,62.5,62.5,12.5,50.0
GLMWLSYFIASFRLF,26.667,26.667,33.333,33.333,80.0,20.0,6.667,6.667,0.0
QPYRVVVLSFELLH,7.143,35.714,42.857,21.429,64.286,35.714,21.429,14.286,7.143
PREGVFVSNGTHWF,28.571,57.143,14.286,28.571,57.143,42.857,21.429,14.286,7.143
YNYLYRLFRKSNLKP,6.667,26.667,20.0,26.667,53.333,46.667,26.667,26.667,0.0
KLIFLWLLWPVTLACF,18.75,31.25,50.0,25.0,87.5,12.5,6.25,6.25,0.0
FELLHAPATVCG,44.444,55.556,33.333,11.111,44.444,55.556,11.111,0.0,11.111
SYYKLGASQRVAGD,20.0,40.0,30.0,20.0,50.0,50.0,20.0,20.0,0.0
TESIVRFPNITNL,23.077,53.846,30.769,7.692,46.154,53.846,15.385,7.692,7.692
ANNAAIVLQLPQGT,35.714,64.286,50.0,0.0,64.286,35.714,0.0,0.0,0.0
YIIKLIFLWLLWPVTL,6.25,18.75,56.25,25.0,87.5,12.5,6.25,6.25,0.0
PVTLACFVLAAVYRI,33.333,60.0,60.0,13.333,86.667,13.333,6.667,6.667,0.0
GWTFGAGAALQIPFA,53.333,60.0,40.0,20.0,86.667,13.333,0.0,0.0,0.0
YNYLYRLFRKSNLK,7.143,21.429,21.429,28.571,50.0,50.0,28.571,28.571,0.0
AAEIRASANLAATKM,53.333,60.0,53.333,0.0,60.0,40.0,20.0,13.333,6.667
AALALLLLDRLN,50.0,60.0,20.0,0.0,20.0,80.0,20.0,10.0,10.0
FRLFARTRSMWSFN,28.571,35.714,14.286,28.571,50.0,50.0,21.429,21.429,0.0
PTESIVRFPNITNLCP,25.0,62.5,25.0,6.25,56.25,43.75,12.5,6.25,6.25
FEYVSQPFLMDLEG,14.286,35.714,21.429,21.429,64.286,35.714,21.429,0.0,21.429
TPINLVRDLPQGFSAL,40.0,46.667,26.667,13.333,46.667,53.333,20.0,20.0,0.0
RFLYIIKLIFLWLL,37.5,68.75,31.25,6.25,43.75,56.25,18.75,0.0,18.75
NYNYLYRLFRKSNLK,43.75,56.25,37.5,6.25,56.25,43.75,6.25,0.0,6.25
MFVFLVLLPLVSSQ,14.286,42.857,50.0,14.286,78.571,21.429,0.0,0.0,0.0
SKTQSLLIVNNATNVV,31.25,68.75,43.75,0.0,43.75,56.25,6.25,6.25,0.0
MWLSYFIASFRLFART,37.5,58.333,29.167,4.167,41.667,58.333,20.833,4.167,16.667
HFPREGVFVSNGTHWFV,33.333,46.667,40.0,6.667,53.333,46.667,20.0,6.667,13.333
GYQPYRVVVLSFELLHA,17.647,41.176,41.176,23.529,70.588,29.412,17.647,11.765,5.882
LMWLSYFIASFRLF,21.429,21.429,35.714,35.714,78.571,21.429,7.143,7.143,0.0
NWITGGIAIAMACLVG,22.222,66.667,22.222,22.222,77.778,22.222,11.111,0.0,11.111
LVIGFLFLTWICLLQFA,44.737,63.158,18.421,10.526,42.105,57.895,21.053,7.895,13.158
AEIRASANLAATKM,30.769,69.231,7.692,15.385,38.462,61.538,15.385,0.0,15.385
QSLLIVNNATNVVIKVC,33.333,77.778,44.444,0.0,44.444,55.556,0.0,0.0,0.0
RFLYIIKLIFLWLL,27.907,62.791,30.233,11.628,60.465,39.535,16.279,13.953,2.326
GEVFNATRFASVYA,50.0,68.75,25.0,0.0,50.0,50.0,18.75,12.5,6.25
FQTLLALHRSYLTP,28.571,35.714,35.714,21.429,57.143,42.857,14.286,14.286,0.0
TPSGTWLTYTGAIKL,53.333,60.0,26.667,13.333,60.0,40.0,6.667,6.667,0.0
LIFLWLLWPVTLAC,21.429,35.714,57.143,21.429,92.857,7.143,0.0,0.0,0.0
ESIVRFPNITNLC,0.0,55.556,0.0,22.222,22.222,77.778,66.667,22.222,44.444
ETNILLNVPLHGTI,21.429,50.0,42.857,7.143,57.143,42.857,14.286,7.143,7.143
AQFAPSASAFFGMS,57.143,64.286,28.571,21.429,71.429,28.571,0.0,0.0,0.0
QQLIRAAEIRAS,31.25,37.5,31.25,12.5,56.25,43.75,12.5,6.25,6.25
GWTFGAGAALQIPFAMQ,47.059,52.941,35.294,17.647,82.353,17.647,0.0,0.0,0.0
RFLYIIKLIFLWLLWP,0.0,6.25,50.0,31.25,87.5,12.5,12.5,12.5,0.0
LLIVNNATNVVIKVCEFQ,10.0,20.0,20.0,40.0,60.0,40.0,20.0,20.0,0.0
RTLSYYKLGASQRVAGDS,44.444,55.556,27.778,11.111,50.0,50.0,22.222,16.667,5.556
FLPFFSNVTWFHA,23.077,46.154,23.077,46.154,69.231,30.769,7.692,7.692,0.0
RFQTLLALHRSYLT,28.571,28.571,35.714,21.429,50.0,50.0,21.429,21.429,0.0
PYRVVVLSFELLH,7.692,38.462,46.154,23.077,69.231,30.769,23.077,15.385,7.692
ITRFQTLLALHRSY,42.857,64.286,35.714,7.143,50.0,50.0,0.0,0.0,0.0
IWLGFIAGLIAIVMV,26.667,40.0,66.667,13.333,100.0,0.0,0.0,0.0,0.0
CLVGLMWLSYFIA,30.769,38.462,46.154,23.077,92.308,7.692,0.0,0.0,0.0
NTLVKQLSSNFGAI,35.714,57.143,35.714,7.143,50.0,50.0,7.143,7.143,0.0
LVGLMWLSYFIASFRL,25.0,31.25,43.75,25.0,81.25,18.75,6.25,6.25,0.0
DSFVIRGDEVRQIAPG,25.0,56.25,31.25,6.25,56.25,43.75,31.25,12.5,18.75
IGINITRFQTLLALHR,25.0,31.25,43.75,12.5,56.25,43.75,18.75,18.75,0.0
VLSFELLHAPATVCGPK,35.294,58.824,41.176,11.765,70.588,29.412,17.647,11.765,5.882
RVVVLSFELLHAPA,21.429,50.0,57.143,14.286,71.429,28.571,21.429,14.286,7.143
LIVNNATNVVIKVCE,20.0,66.667,53.333,0.0,60.0,40.0,13.333,6.667,6.667
SRTLSYYKLGASQRVAG,47.059,52.941,29.412,11.765,52.941,47.059,17.647,17.647,0.0
GLMWLSYFIASFRLFA,43.75,62.5,6.25,18.75,50.0,50.0,12.5,6.25,6.25
FGEVFNATRFASVYAW,37.5,50.0,62.5,12.5,75.0,25.0,0.0,0.0,0.0
TPINLVRDLPQGFSAL,25.0,56.25,37.5,6.25,62.5,37.5,12.5,6.25,6.25
GEVFNATRFASVYAWNRK,36.842,57.895,26.316,5.263,47.368,52.632,26.316,10.526,15.789
CSNLLLQYGSFCT,14.286,35.714,21.429,0.0,35.714,64.286,50.0,35.714,14.286
TQSLLIVNNATNV,30.769,69.231,46.154,0.0,46.154,53.846,0.0,0.0,0.0
MFVFLVLLPLVSSQC,20.0,46.667,46.667,13.333,80.0,20.0,0.0,0.0,0.0
QSLLIVNNATNVVIKVC,23.529,64.706,52.941,0.0,58.824,41.176,5.882,5.882,0.0
TQSLLIVNNATNVVIKV,23.529,64.706,52.941,0.0,52.941,47.059,5.882,5.882,0.0
PANNAAIVLQLPQGTTLP,33.333,66.667,44.444,0.0,66.667,33.333,0.0,0.0,0.0
NNAAIVLQLPQGT,30.769,61.538,46.154,0.0,61.538,38.462,0.0,0.0,0.0
QQLIRAAEIRASAN,35.714,42.857,50.0,0.0,50.0,50.0,21.429,14.286,7.143
PTNFTISVTTEI,41.667,66.667,25.0,8.333,41.667,58.333,8.333,0.0,8.333
GEVFNATRFASV,41.667,66.667,33.333,16.667,58.333,41.667,16.667,8.333,8.333
IGTRNPANNAAIVLQLP,29.412,64.706,47.059,0.0,64.706,35.294,5.882,5.882,0.0
KRSFIEDLLFNKVTLAD,16.667,44.444,16.667,22.222,61.111,38.889,22.222,16.667,5.556
PANNAAIVLQLP,25.0,66.667,58.333,0.0,75.0,25.0,0.0,0.0,0.0
LYIIKLIFLWLLWPVTLA,11.111,22.222,61.111,22.222,88.889,11.111,5.556,5.556,0.0
ANNAAIVLQLPQ,25.0,58.333,33.333,8.333,66.667,33.333,16.667,0.0,16.667
TLSYYKLGASQRVA,42.857,50.0,35.714,14.286,57.143,42.857,14.286,14.286,0.0
LLEQWNLVIGFLFLTW,12.5,25.0,43.75,25.0,75.0,25.0,6.25,0.0,6.25
EVFNATRFASVYAW,35.714,57.143,35.714,28.571,64.286,35.714,14.286,7.143,7.143
MWLSYFIASFRLFAR,40.0,73.333,40.0,0.0,53.333,46.667,26.667,0.0,26.667
LVGLMWLSYFIASF,28.571,35.714,42.857,28.571,85.714,14.286,0.0,0.0,0.0
NRNRFLYIIKLIFLW,0.0,13.333,40.0,26.667,66.667,33.333,20.0,20.0,0.0
NYLYRLFRKSNLKP,7.143,28.571,21.429,21.429,50.0,50.0,28.571,28.571,0.0
QWNLVIGFLFLTW,15.385,30.769,38.462,30.769,76.923,23.077,0.0,0.0,0.0
VFNATRFASVYAWNR,33.333,60.0,33.333,26.667,60.0,40.0,13.333,13.333,0.0
VTQQLIRAAEIRASA,40.0,46.667,53.333,0.0,53.333,46.667,20.0,13.333,6.667
AQFAPSASAFFGMSRIGM,50.0,55.556,27.778,16.667,72.222,27.778,5.556,5.556,0.0
YIIKLIFLWLLWPVTLA,11.765,23.529,58.824,23.529,88.235,11.765,5.882,5.882,0.0
RFQTLLALHRSY,25.0,25.0,33.333,25.0,50.0,50.0,25.0,25.0,0.0
SLLIVNNATNVVI,23.077,69.231,61.538,0.0,61.538,38.462,0.0,0.0,0.0
TRFQTLLALHRSYL,60.0,70.0,30.0,10.0,40.0,60.0,10.0,10.0,0.0
YRVVVLSFELLHAPA,23.077,53.846,15.385,15.385,53.846,46.154,30.769,15.385,15.385
ASFRLFARTRSMWS,23.529,35.294,29.412,17.647,76.471,23.529,5.882,5.882,0.0
REGVFVSNGTHWFV,11.111,22.222,22.222,33.333,55.556,44.444,22.222,22.222,0.0
QLIRAAEIRASA,44.444,55.556,22.222,0.0,22.222,77.778,22.222,11.111,11.111
QSLLIVNNATNVV,23.077,69.231,53.846,0.0,53.846,46.154,0.0,0.0,0.0
AEIRASANLAATKMSEC,52.941,58.824,41.176,0.0,52.941,47.059,23.529,11.765,11.765
CTFEYVSQPFLMDLEGK,23.529,41.176,17.647,17.647,58.824,41.176,23.529,5.882,17.647
RAAEIRASANLAATKM,50.0,56.25,50.0,0.0,56.25,43.75,25.0,18.75,6.25
INLVRDLPQGFS,16.667,50.0,33.333,8.333,58.333,41.667,16.667,8.333,8.333
VVVLSFELLHAPATV,6.667,40.0,40.0,6.667,66.667,33.333,20.0,20.0,0.0
QIAQFAPSASAFFGMSR,13.333,40.0,20.0,6.667,46.667,53.333,40.0,20.0,20.0
DQIGYYRRATRRIR,0.0,14.286,14.286,28.571,57.143,42.857,28.571,14.286,14.286
LYIIKLIFLWLLWP,0.0,7.143,57.143,28.571,92.857,7.143,7.143,7.143,0.0
RSFIEDLLFNKV,8.333,33.333,33.333,16.667,50.0,50.0,33.333,16.667,16.667
QQLIRAAEIRASANLA,37.5,43.75,56.25,0.0,56.25,43.75,18.75,12.5,6.25
QLIRAAEIRASANLAATK,43.75,68.75,18.75,12.5,43.75,56.25,12.5,6.25,6.25
QIAQFAPSASAFFGM,46.667,53.333,33.333,20.0,73.333,26.667,0.0,0.0,0.0
LLIVNNATNVVIK,10.0,50.0,20.0,30.0,70.0,30.0,30.0,20.0,10.0
TQSLLIVNNATNVVIKVC,26.667,40.0,33.333,20.0,86.667,13.333,13.333,6.667,6.667
MFVFLVLLPLVSSQCVNL,26.667,66.667,33.333,20.0,60.0,40.0,13.333,0.0,13.333
TLACFVLAAVYRIN,33.333,44.444,11.111,22.222,44.444,55.556,11.111,11.111,0.0
RNRFLYIIKLIFLWL,30.0,30.0,30.0,40.0,70.0,30.0,10.0,10.0,0.0
PANNAAIVLQLPQG,33.333,53.333,40.0,0.0,46.667,53.333,20.0,6.667,13.333
YSVLYNSASFSTFKC,40.0,60.0,26.667,20.0,60.0,40.0,33.333,26.667,6.667
RVVVLSFELLHAPATV,25.0,56.25,56.25,12.5,68.75,31.25,18.75,12.5,6.25
QKLIANQFNSAI,25.0,41.667,41.667,8.333,50.0,50.0,8.333,8.333,0.0
WLSYFIASFRLFART,33.333,33.333,33.333,33.333,66.667,33.333,13.333,13.333,0.0
TNILLNVPLHGTIL,21.429,50.0,50.0,7.143,64.286,35.714,7.143,7.143,0.0
QQLIRAAEIRASAN,28.571,60.714,21.429,10.714,46.429,53.571,17.857,14.286,3.571
WLSYFIASFRLFARTRS,0.0,13.333,40.0,26.667,66.667,33.333,20.0,20.0,0.0
LLIVNNATNVVI,44.444,66.667,33.333,0.0,44.444,55.556,33.333,33.333,0.0
LVGLMWLSYFIASFR,40.909,72.727,36.364,9.091,50.0,50.0,4.545,0.0,4.545
LVIGFLFLTWICLLQ,41.667,75.0,33.333,0.0,50.0,50.0,0.0,0.0,0.0
PDDQIGYYRRATRRIR,18.75,37.5,18.75,12.5,43.75,56.25,43.75,31.25,12.5
LSFELLHAPATVCGP,40.0,60.0,40.0,13.333,73.333,26.667,13.333,6.667,6.667
KTQSLLIVNNATNVV,26.667,66.667,46.667,0.0,46.667,53.333,6.667,6.667,0.0
RNRFLYIIKLIFLWLLWP,33.333,53.333,26.667,13.333,46.667,53.333,33.333,13.333,20.0
TESIVRFPNITNLCPF,25.0,56.25,25.0,12.5,56.25,43.75,12.5,6.25,6.25
RFQTLLALHRSYL,23.077,23.077,38.462,23.077,53.846,46.154,23.077,23.077,0.0
SFRLFARTRSMWS,38.462,38.462,15.385,23.077,46.154,53.846,23.077,23.077,0.0
PFGEVFNATRFASVYAW,35.294,58.824,29.412,29.412,70.588,29.412,11.765,5.882,5.882
MWLSYFIASFRLFA,28.571,28.571,35.714,35.714,78.571,21.429,7.143,7.143,0.0
FELLHAPATVCGPK,35.714,57.143,35.714,14.286,71.429,28.571,21.429,14.286,7.143
FVFKNIDGYFKIYSKHT,33.333,60.0,26.667,20.0,66.667,33.333,13.333,6.667,6.667
INITRFQTLLALHRSYL,13.333,53.333,46.667,6.667,53.333,46.667,26.667,13.333,13.333
FGEVFNATRFASVYAWN,35.294,58.824,29.412,29.412,64.706,35.294,11.765,5.882,5.882
DDQIGYYRRATRRIRG,26.667,40.0,13.333,20.0,46.667,53.333,26.667,20.0,6.667
YIWLGFIAGLIAIV,26.667,53.333,53.333,13.333,66.667,33.333,20.0,13.333,6.667
MFVFLVLLPLVSSQCVN,44.444,44.444,44.444,0.0,44.444,55.556,22.222,22.222,0.0
ITSGWTFGAGAALQI,16.667,41.667,0.0,25.0,16.667,83.333,41.667,16.667,25.0
NWITGGIAIAMACL,50.0,57.143,50.0,7.143,85.714,14.286,0.0,0.0,0.0
ADYSVLYNSASFSTFK,43.75,62.5,25.0,25.0,50.0,50.0,12.5,6.25,6.25
MACLVGLMWLSYFIAS,37.5,43.75,43.75,18.75,87.5,12.5,0.0,0.0,0.0
AIPTNFTISVTTEILP,37.5,62.5,37.5,6.25,56.25,43.75,6.25,0.0,6.25
FGEVFNATRFASVY,35.714,57.143,28.571,28.571,64.286,35.714,14.286,7.143,7.143
RFLYIIKLIFLWL,0.0,0.0,53.846,30.769,84.615,15.385,15.385,15.385,0.0
PYRVVVLSFELLHAP,13.333,46.667,46.667,20.0,73.333,26.667,20.0,13.333,6.667
TLSYYKLGASQRVAGDSG,50.0,61.111,27.778,11.111,55.556,44.444,16.667,11.111,5.556
GLMWLSYFIASFR,33.333,46.667,20.0,33.333,60.0,40.0,13.333,6.667,6.667
ENQKLIANQFNSAI,21.429,42.857,35.714,7.143,42.857,57.143,14.286,7.143,7.143
YSVLYNSASFSTF,46.154,61.538,23.077,30.769,53.846,46.154,0.0,0.0,0.0
SLLIVNNATNVVIKVCE,23.529,64.706,52.941,0.0,58.824,41.176,11.765,5.882,5.882
NNCTFEYVSQPFLMD,20.0,53.333,13.333,20.0,53.333,46.667,13.333,0.0,13.333
PINLVRDLPQGFSA,21.429,57.143,35.714,7.143,64.286,35.714,14.286,7.143,7.143
NTLVKQLSSNFGA,38.462,61.538,30.769,7.692,46.154,53.846,7.692,7.692,0.0
LPFFSNVTWFHAI,23.077,46.154,30.769,38.462,69.231,30.769,7.692,7.692,0.0
GFLFLTWICLLQFAYAN,40.0,60.0,20.0,20.0,50.0,50.0,30.0,10.0,20.0
RINWITGGIAIAMAC,46.667,53.333,46.667,6.667,80.0,20.0,6.667,6.667,0.0
QPTESIVRFPNITNL,33.333,73.333,33.333,6.667,46.667,53.333,26.667,0.0,26.667
MWLSYFIASFRLFA,28.571,28.571,35.714,35.714,78.571,21.429,7.143,7.143,0.0
KHTPINLVRDLPQGFS,20.0,40.0,70.0,0.0,80.0,20.0,20.0,10.0,10.0
TQSLLIVNNATNVVIK,25.0,62.5,50.0,0.0,50.0,50.0,6.25,6.25,0.0
NRFLYIIKLIFLWLLW,0.0,6.25,50.0,31.25,81.25,18.75,12.5,12.5,0.0
FVFLVLLPLVSSQC,21.429,50.0,50.0,14.286,78.571,21.429,0.0,0.0,0.0
WTFGAGAALQIPFA,50.0,57.143,42.857,21.429,85.714,14.286,0.0,0.0,0.0
DAALALLLLDRL,25.0,41.667,75.0,0.0,75.0,25.0,25.0,8.333,16.667
PYRVVVLSFELLHAP,13.333,46.667,46.667,20.0,73.333,26.667,20.0,13.333,6.667
LREFVFKNIDGYFK,7.143,28.571,21.429,28.571,57.143,42.857,35.714,21.429,14.286
ITSGWTFGAGAALQIP,56.25,62.5,37.5,12.5,75.0,25.0,0.0,0.0,0.0
QLIRAAEIRASA,41.667,41.667,58.333,0.0,58.333,41.667,25.0,16.667,8.333
SFIEDLLFNKVTLA,21.429,42.857,42.857,14.286,57.143,42.857,21.429,7.143,14.286
NATRFASVYAWNRKR,33.333,53.333,26.667,20.0,46.667,53.333,26.667,26.667,0.0
GEVFNATRFASVYAWNR,35.294,58.824,29.412,23.529,58.824,41.176,17.647,11.765,5.882
AVYRINWITGGIAI,35.714,50.0,50.0,14.286,78.571,21.429,7.143,7.143,0.0
VLSFELLHAPATVCGPKK,33.333,55.556,38.889,11.111,66.667,33.333,22.222,16.667,5.556
NQKLIANQFNSAIGK,26.667,46.667,33.333,6.667,46.667,53.333,13.333,13.333,0.0
IIKLIFLWLLWPV,0.0,15.385,61.538,23.077,92.308,7.692,7.692,7.692,0.0
ANNAAIVLQLPQG,30.769,61.538,53.846,0.0,69.231,30.769,0.0,0.0,0.0
IIKLIFLWLLWPVTLAC,17.647,29.412,58.824,17.647,88.235,11.765,5.882,5.882,0.0
ITRFQTLLALHRSYL,26.667,26.667,40.0,20.0,53.333,46.667,20.0,20.0,0.0
AMACLVGLMWLSYFIA,37.5,43.75,50.0,18.75,93.75,6.25,0.0,0.0,0.0
TNFTISVTTEILPV,35.714,64.286,35.714,7.143,50.0,50.0,7.143,0.0,7.143
QPYRVVVLSFELL,7.692,38.462,46.154,15.385,69.231,30.769,15.385,7.692,7.692
FVFLVLLPLVSSQC,21.429,50.0,50.0,14.286,78.571,21.429,0.0,0.0,0.0
KTQSLLIVNNATNVVIK,23.529,58.824,47.059,0.0,47.059,52.941,11.765,11.765,0.0
VLSFELLHAPATV,30.769,53.846,53.846,15.385,69.231,30.769,15.385,7.692,7.692
GFLFLTWICLLQFA,28.571,28.571,42.857,28.571,85.714,14.286,0.0,0.0,0.0
ADSFVIRGDEVRQIA,26.667,53.333,40.0,6.667,53.333,46.667,33.333,13.333,20.0
HWPQIAQFAPSASAFF,37.5,50.0,31.25,31.25,68.75,31.25,6.25,6.25,0.0
NPANNAAIVLQLPQGT,28.571,42.857,42.857,0.0,57.143,42.857,28.571,14.286,14.286
EGVFVSNGTHWFV,25.0,50.0,8.333,16.667,50.0,50.0,33.333,8.333,25.0
YIWLGFIAGLIAIVMV,25.0,37.5,62.5,18.75,100.0,0.0,0.0,0.0,0.0
RNRFLYIIKLIFLWLL,0.0,6.25,50.0,25.0,75.0,25.0,18.75,18.75,0.0
VIGFLFLTWICLLQF,20.0,26.667,46.667,26.667,86.667,13.333,0.0,0.0,0.0
SLLIVNNATNVVIKVCEF,22.222,61.111,50.0,5.556,61.111,38.889,11.111,5.556,5.556
IGFLFLTWICLLQF,21.429,21.429,42.857,28.571,85.714,14.286,0.0,0.0,0.0
CTFEYVSQPFLMDLEG,25.0,43.75,18.75,18.75,62.5,37.5,18.75,0.0,18.75
NCDVVIGIVNNTVY,21.429,78.571,42.857,7.143,64.286,35.714,7.143,0.0,7.143
IIKLIFLWLLWPV,55.556,66.667,33.333,22.222,66.667,33.333,0.0,0.0,0.0
NWITGGIAIAMACLV,46.667,60.0,53.333,6.667,86.667,13.333,0.0,0.0,0.0
EVFNATRFASVY,35.714,50.0,14.286,21.429,50.0,50.0,21.429,7.143,14.286
PYRVVVLSFELLHAPAT,30.0,50.0,30.0,20.0,50.0,50.0,30.0,30.0,0.0
IIKLIFLWLLWPVTLA,12.5,25.0,62.5,18.75,87.5,12.5,6.25,6.25,0.0
INLVRDLPQGFS,16.667,50.0,33.333,8.333,58.333,41.667,16.667,8.333,8.333
YRVVVLSFELLHAPA,33.333,33.333,33.333,33.333,66.667,33.333,11.111,11.111,0.0
VGYQPYRVVVLSFELL,12.5,43.75,43.75,18.75,75.0,25.0,12.5,6.25,6.25
WYIWLGFIAGLIAIV,26.667,33.333,60.0,26.667,100.0,0.0,0.0,0.0,0.0
VTQQLIRAAEIRASAN,37.5,50.0,50.0,0.0,50.0,50.0,18.75,12.5,6.25
GWTFGAGAALQIPFAM,50.0,56.25,37.5,18.75,87.5,12.5,0.0,0.0,0.0
NCTFEYVSQPFLMDLEGK,22.222,44.444,16.667,16.667,55.556,44.444,22.222,5.556,16.667
ALALLLLDRLNQLES,20.0,33.333,60.0,0.0,60.0,40.0,20.0,6.667,13.333
VVVLSFELLHAPATV,26.667,60.0,60.0,13.333,73.333,26.667,13.333,6.667,6.667
PREGVFVSNGTHWFV,26.667,60.0,20.0,26.667,60.0,40.0,20.0,13.333,6.667
LYIIKLIFLWLLWPVTLA,20.0,60.0,40.0,20.0,60.0,40.0,20.0,10.0,10.0
SLLIVNNATNVVIKVCE,23.529,64.706,52.941,0.0,58.824,41.176,11.765,5.882,5.882
ACLVGLMWLSYFIASFR,35.294,41.176,41.176,23.529,82.353,17.647,5.882,5.882,0.0
IKLIFLWLLWPVTLACFV,16.667,33.333,55.556,22.222,88.889,11.111,5.556,5.556,0.0
DVVIGIVNNTVYDP,14.286,78.571,42.857,7.143,64.286,35.714,14.286,0.0,14.286
TQQLIRAAEIRASANL,37.5,43.75,50.0,0.0,50.0,50.0,18.75,12.5,6.25
LMWLSYFIASFRLF,35.0,70.0,25.0,10.0,55.0,45.0,10.0,10.0,0.0
IVNNATNVVIKVCE,21.429,71.429,50.0,0.0,57.143,42.857,14.286,7.143,7.143
DSKTQSLLIVNNATNVV,29.412,70.588,41.176,0.0,41.176,58.824,11.765,5.882,5.882
IAIPTNFTISVTTEI,40.0,60.0,40.0,6.667,53.333,46.667,6.667,0.0,6.667
PANNAAIVLQLPQGTT,33.333,55.556,11.111,0.0,22.222,77.778,33.333,33.333,0.0
FVIRGDEVRQIAP,25.0,50.0,25.0,12.5,50.0,50.0,25.0,12.5,12.5
PRWYFYYLGTGPEAG,33.333,46.667,13.333,33.333,80.0,20.0,13.333,6.667,6.667
HIGTRNPANNAAIVLQL,29.412,58.824,47.059,5.882,58.824,41.176,11.765,11.765,0.0
WNLVIGFLFLTWIC,21.429,35.714,42.857,28.571,85.714,14.286,0.0,0.0,0.0
ESIVRFPNITNLCP,21.429,57.143,28.571,7.143,57.143,42.857,14.286,7.143,7.143
MWLSYFIASFRLFAR,26.667,26.667,33.333,33.333,73.333,26.667,13.333,13.333,0.0
LMWLSYFIASFRLFART,29.412,29.412,35.294,29.412,70.588,29.412,11.765,11.765,0.0
LSFELLHAPATVCGPKKS,18.75,50.0,37.5,0.0,43.75,56.25,25.0,12.5,12.5
QWNLVIGFLFLTWICL,18.75,31.25,43.75,25.0,81.25,18.75,0.0,0.0,0.0
INWITGGIAIAMAC,50.0,57.143,50.0,7.143,85.714,14.286,0.0,0.0,0.0
EGVFVSNGTHWFVTQ,33.333,60.0,20.0,26.667,53.333,46.667,13.333,6.667,6.667
IGTRNPANNAAIVLQL,31.25,62.5,50.0,0.0,62.5,37.5,6.25,6.25,0.0
NRFLYIIKLIFLWLLWP,0.0,11.765,47.059,29.412,82.353,17.647,11.765,11.765,0.0
GGFNFSQILPDPS,30.769,61.538,15.385,15.385,61.538,38.462,7.692,0.0,7.692
TRFQTLLALHRSYLT,33.333,33.333,33.333,20.0,46.667,53.333,20.0,20.0,0.0
QPYRVVVLSFELL,25.0,37.5,0.0,50.0,37.5,62.5,37.5,12.5,25.0
FVFLVLLPLVSSQCVNL,30.0,40.0,35.0,15.0,55.0,45.0,15.0,15.0,0.0
YQPYRVVVLSFELLHA,12.5,37.5,43.75,25.0,68.75,31.25,18.75,12.5,6.25
RFQTLLALHRSYLT,28.571,28.571,35.714,21.429,50.0,50.0,21.429,21.429,0.0
WITGGIAIAMACLVGL,50.0,56.25,56.25,6.25,93.75,6.25,0.0,0.0,0.0
LREFVFKNIDGYFKIYS,11.765,29.412,23.529,29.412,58.824,41.176,29.412,17.647,11.765
VNFNFNGLTGTGVLT,30.769,76.923,46.154,7.692,76.923,23.077,7.692,0.0,7.692
INLVRDLPQGFSALEP,18.75,50.0,37.5,6.25,62.5,37.5,18.75,6.25,12.5
TRFQTLLALHRSYLT,31.25,56.25,56.25,0.0,68.75,31.25,18.75,6.25,12.5
NRNRFLYIIKLIF,46.667,60.0,0.0,20.0,40.0,60.0,33.333,13.333,20.0
TFEYVSQPFLMDLEG,20.0,40.0,20.0,20.0,60.0,40.0,20.0,0.0,20.0
INLVRDLPQGFSAL,41.667,50.0,58.333,0.0,58.333,41.667,25.0,16.667,8.333
LSYYKLGASQRVAGD,40.0,53.333,33.333,13.333,60.0,40.0,20.0,13.333,6.667
EQWNLVIGFLFLTWICL,17.647,29.412,41.176,23.529,76.471,23.529,5.882,0.0,5.882
NFNFNGLTGTGVLTE,40.0,66.667,20.0,13.333,53.333,46.667,6.667,0.0,6.667
CDVVIGIVNNTVYDP,20.0,80.0,40.0,6.667,66.667,33.333,13.333,0.0,13.333
PYRVVVLSFELL,18.75,50.0,12.5,6.25,25.0,75.0,43.75,0.0,43.75
IAQFAPSASAFFGMSRIG,50.0,55.556,33.333,16.667,72.222,27.778,5.556,5.556,0.0
IRAAEIRASANLAATKM,14.286,42.857,14.286,14.286,57.143,42.857,28.571,14.286,14.286
MWLSYFIASFRLF,36.364,45.455,36.364,18.182,63.636,36.364,9.091,9.091,0.0
GLMWLSYFIASFRL,46.667,53.333,6.667,20.0,40.0,60.0,13.333,6.667,6.667
SFELLHAPATVCGP,42.857,64.286,35.714,14.286,71.429,28.571,14.286,7.143,7.143
QSLLIVNNATNVVI,41.176,58.824,23.529,17.647,47.059,52.941,17.647,11.765,5.882
QWNLVIGFLFLTWIC,20.0,33.333,40.0,26.667,80.0,20.0,0.0,0.0,0.0
SYFIASFRLFAR,25.0,37.5,37.5,18.75,75.0,25.0,6.25,6.25,0.0
TPINLVRDLPQGFSA,50.0,87.5,37.5,0.0,37.5,62.5,0.0,0.0,0.0
LMWLSYFIASFRLFA,57.143,85.714,42.857,0.0,71.429,28.571,14.286,0.0,14.286
NLREFVFKNIDGYFKI,10.0,30.0,0.0,40.0,40.0,60.0,30.0,30.0,0.0
NYNYLYRLFRKSN,7.692,30.769,15.385,30.769,46.154,53.846,23.077,23.077,0.0
KRSFIEDLLFNKVTLA,18.75,37.5,37.5,12.5,50.0,50.0,31.25,18.75,12.5
FGEVFNATRFASVYA,20.0,50.0,40.0,0.0,60.0,40.0,30.0,20.0,10.0
VGGNYNYLYRLFRKSN,31.25,50.0,18.75,12.5,50.0,50.0,18.75,12.5,6.25
CPFGEVFNATRFASV,28.571,85.714,28.571,0.0,42.857,57.143,28.571,0.0,28.571
PANNAAIVLQLPQGTTL,35.294,64.706,47.059,0.0,64.706,35.294,0.0,0.0,0.0
NRFLYIIKLIFLWLLWPV,0.0,16.667,50.0,27.778,83.333,16.667,11.111,11.111,0.0
LIRAAEIRASANLAAT,50.0,56.25,62.5,0.0,62.5,37.5,18.75,12.5,6.25
QLIRAAEIRASAN,16.667,33.333,25.0,33.333,75.0,25.0,8.333,8.333,0.0
CSNLLLQYGSFCTQL,40.0,46.667,26.667,13.333,60.0,40.0,0.0,0.0,0.0
REFVFKNIDGYFKIYSK,11.765,29.412,17.647,29.412,52.941,47.059,35.294,23.529,11.765
NPANNAAIVLQLP,23.077,69.231,53.846,0.0,69.231,30.769,0.0,0.0,0.0
PTNFTISVTTEILPVS,37.5,68.75,31.25,6.25,50.0,50.0,6.25,0.0,6.25
FIASFRLFARTRSMWS,37.5,37.5,25.0,25.0,56.25,43.75,18.75,18.75,0.0
NITRFQTLLALHR,23.077,30.769,38.462,15.385,46.154,53.846,23.077,23.077,0.0
IWLGFIAGLIAIVMVT,22.222,44.444,11.111,33.333,55.556,44.444,11.111,0.0,11.111
PQIAQFAPSASAFF,44.444,77.778,22.222,22.222,55.556,44.444,0.0,0.0,0.0
WLSYFIASFRLFAR,28.571,28.571,35.714,35.714,71.429,28.571,14.286,14.286,0.0
LLIVNNATNVVIKVC,22.222,22.222,44.444,33.333,55.556,44.444,44.444,44.444,0.0
QQLIRAAEIRASA,38.462,38.462,53.846,0.0,53.846,46.154,23.077,15.385,7.692
YIIKLIFLWLLWPV,0.0,22.222,55.556,33.333,100.0,0.0,0.0,0.0,0.0
YRVVVLSFELLHAPATVC,27.778,55.556,50.0,16.667,72.222,27.778,16.667,11.111,5.556
VFNATRFASVYAW,38.462,61.538,38.462,30.769,69.231,30.769,7.692,7.692,0.0
LSFELLHAPATV,33.333,50.0,50.0,16.667,66.667,33.333,16.667,8.333,8.333
MFVFLVLLPLVSS,15.385,46.154,53.846,15.385,84.615,15.385,0.0,0.0,0.0
GYQPYRVVVLSFELLH,12.5,37.5,37.5,25.0,68.75,31.25,18.75,12.5,6.25
RINWITGGIAIAMA,42.857,50.0,50.0,7.143,78.571,21.429,7.143,7.143,0.0
LSYFIASFRLFARTR,33.333,33.333,33.333,26.667,60.0,40.0,20.0,20.0,0.0
IIKLIFLWLLWPVTLAC,17.647,29.412,58.824,17.647,88.235,11.765,5.882,5.882,0.0
NRFLYIIKLIFLWLLW,42.105,63.158,21.053,5.263,47.368,52.632,21.053,5.263,15.789
GLMWLSYFIASFRLF,26.667,26.667,33.333,33.333,80.0,20.0,6.667,6.667,0.0
YFIASFRLFARTRS,35.714,35.714,28.571,28.571,57.143,42.857,21.429,21.429,0.0
GLMWLSYFIASFR,30.769,30.769,30.769,30.769,76.923,23.077,7.692,7.692,0.0
NLVIGFLFLTWICLLQF,33.333,40.0,53.333,0.0,53.333,46.667,20.0,13.333,6.667
ASFRLFARTRSMWSFN,37.5,43.75,18.75,25.0,50.0,50.0,18.75,18.75,0.0
LSYFIASFRLFART,35.714,35.714,35.714,28.571,64.286,35.714,14.286,14.286,0.0
YIIKLIFLWLLWPV,0.0,14.286,57.143,28.571,92.857,7.143,7.143,7.143,0.0
SIVRFPNITNLCPFG,26.667,60.0,26.667,13.333,66.667,33.333,6.667,6.667,0.0
SGWTFGAGAALQIPFAM,0.0,44.444,0.0,11.111,11.111,88.889,66.667,11.111,55.556
PSKRSFIEDLLFNKVT,57.143,85.714,14.286,0.0,71.429,28.571,14.286,0.0,14.286
GLMWLSYFIASFRLFA,17.647,58.824,5.882,5.882,23.529,76.471,47.059,23.529,23.529
RNRFLYIIKLIFL,50.0,50.0,8.333,0.0,33.333,66.667,16.667,16.667,0.0
VGLMWLSYFIASFRLFA,29.412,35.294,41.176,29.412,82.353,17.647,5.882,5.882,0.0
LYIIKLIFLWLLWPVT,27.273,54.545,9.091,18.182,45.455,54.545,27.273,9.091,18.182
YQPYRVVVLSFELLH,6.667,33.333,40.0,26.667,66.667,33.333,20.0,13.333,6.667
FNFNGLTGTGVLTES,30.0,55.0,20.0,15.0,40.0,60.0,40.0,25.0,15.0
LSFELLHAPATVCGPK,27.273,63.636,9.091,18.182,63.636,36.364,0.0,0.0,0.0
NNAAIVLQLPQGT,50.0,100.0,25.0,0.0,75.0,25.0,0.0,0.0,0.0
LQFAYANRNRFLYII,13.333,26.667,40.0,26.667,66.667,33.333,13.333,13.333,0.0
WTFGAGAALQIPFAM,46.667,53.333,40.0,20.0,86.667,13.333,0.0,0.0,0.0
GYQPYRVVVLSFELL,33.333,55.556,22.222,11.111,55.556,44.444,11.111,11.111,0.0
IKLIFLWLLWPV,0.0,16.667,58.333,25.0,91.667,8.333,8.333,8.333,0.0
PWYIWLGFIAGLIAIV,25.0,37.5,56.25,25.0,100.0,0.0,0.0,0.0,0.0
LIVNNATNVVIKVC,20.0,46.667,20.0,20.0,60.0,40.0,13.333,0.0,13.333
QSLLIVNNATNV,22.222,44.444,22.222,22.222,66.667,33.333,11.111,11.111,0.0
KTQSLLIVNNATNVVIK,20.0,40.0,30.0,20.0,70.0,30.0,10.0,10.0,0.0
ASFRLFARTRSMWS,42.857,42.857,21.429,21.429,50.0,50.0,21.429,21.429,0.0
FLFLTWICLLQFAYAN,22.222,44.444,22.222,11.111,33.333,66.667,33.333,22.222,11.111
RVVVLSFELLHAPATV,22.222,38.889,27.778,16.667,61.111,38.889,11.111,11.111,0.0
QPYRVVVLSFELLHAPA,12.5,31.25,18.75,6.25,50.0,50.0,43.75,31.25,12.5
RNPANNAAIVLQL,23.077,61.538,53.846,0.0,61.538,38.462,7.692,7.692,0.0
VFNATRFASVYA,41.667,66.667,41.667,25.0,66.667,33.333,8.333,8.333,0.0
TPINLVRDLPQGFS,21.429,57.143,28.571,7.143,57.143,42.857,14.286,7.143,7.143
SKRSFIEDLLFNKV,22.222,55.556,44.444,11.111,66.667,33.333,11.111,11.111,0.0
VTQQLIRAAEIRAS,35.714,42.857,50.0,0.0,50.0,50.0,21.429,14.286,7.143
MWLSYFIASFRLFART,31.25,31.25,31.25,31.25,68.75,31.25,12.5,12.5,0.0
NYLYRLFRKSNL,8.333,25.0,25.0,25.0,50.0,50.0,25.0,25.0,0.0
INITRFQTLLALHR,21.429,28.571,42.857,14.286,50.0,50.0,21.429,21.429,0.0
WNLVIGFLFLTWICL,20.0,33.333,46.667,26.667,86.667,13.333,0.0,0.0,0.0
QQLIRAAEIRASANLA,37.5,43.75,56.25,0.0,56.25,43.75,18.75,12.5,6.25
NRNRFLYIIKLIFL,0.0,14.286,42.857,21.429,64.286,35.714,21.429,21.429,0.0
LIFLWLLWPVTLACFV,18.75,37.5,56.25,25.0,93.75,6.25,0.0,0.0,0.0
VVVLSFELLHAPATVC,31.25,62.5,56.25,12.5,75.0,25.0,12.5,6.25,6.25
NQKLIANQFNSAIG,43.75,56.25,31.25,12.5,56.25,43.75,18.75,12.5,6.25
PREGVFVSNGTHWFV,26.667,60.0,20.0,26.667,60.0,40.0,20.0,13.333,6.667
VGYQPYRVVVLSFELLH,11.765,41.176,41.176,23.529,70.588,29.412,17.647,11.765,5.882
TNFTISVTTEIL,41.667,58.333,33.333,8.333,41.667,58.333,8.333,0.0,8.333
FVFLVLLPLVSSQCV,20.0,53.333,53.333,13.333,80.0,20.0,0.0,0.0,0.0
SNLLLQYGSFCT,41.667,50.0,25.0,16.667,58.333,41.667,0.0,0.0,0.0
GVFVSNGTHWFVT,38.462,69.231,23.077,30.769,61.538,38.462,7.692,7.692,0.0
SKTQSLLIVNNATNVVIK,27.778,61.111,44.444,0.0,44.444,55.556,11.111,11.111,0.0
IGFLFLTWICLLQFAY,46.667,66.667,20.0,6.667,60.0,40.0,13.333,0.0,13.333
YRVVVLSFELLHAPA,20.0,46.667,53.333,20.0,73.333,26.667,20.0,13.333,6.667
WPQIAQFAPSASAFFGMS,44.444,55.556,27.778,22.222,72.222,27.778,0.0,0.0,0.0
LVIGFLFLTWICLLQF,18.75,25.0,50.0,25.0,87.5,12.5,0.0,0.0,0.0
SFVIRGDEVRQI,16.667,41.667,33.333,8.333,50.0,50.0,33.333,16.667,16.667
ALALLLLDRLNQLE,14.286,28.571,64.286,0.0,64.286,35.714,21.429,7.143,14.286
EGVFVSNGTHWFVTQRN,29.412,58.824,17.647,23.529,47.059,52.941,17.647,11.765,5.882
GGNYNYLYRLFRKSNLKP,16.667,38.889,16.667,22.222,55.556,44.444,22.222,22.222,0.0
LSYFIASFRLFAR,30.769,30.769,38.462,30.769,69.231,30.769,15.385,15.385,0.0
LSYFIASFRLFA,0.0,30.0,20.0,30.0,50.0,50.0,30.0,20.0,10.0
DSKTQSLLIVNNATNVV,29.412,70.588,41.176,0.0,41.176,58.824,11.765,5.882,5.882
INWITGGIAIAMA,18.182,54.545,18.182,18.182,63.636,36.364,9.091,9.091,0.0
PQIAQFAPSASAFFG,46.667,60.0,33.333,20.0,73.333,26.667,0.0,0.0,0.0
YRVVVLSFELLHAP,14.286,42.857,50.0,21.429,71.429,28.571,21.429,14.286,7.143
VVVLSFELLHAPATV,11.111,22.222,22.222,11.111,33.333,66.667,55.556,11.111,44.444
LSFELLHAPATVCGPKK,35.294,52.941,35.294,11.765,64.706,35.294,23.529,17.647,5.882
LSYFIASFRLFAR,30.769,30.769,38.462,30.769,69.231,30.769,15.385,15.385,0.0
YRVVVLSFELLH,8.333,33.333,50.0,25.0,66.667,33.333,25.0,16.667,8.333
LREFVFKNIDGYFKIY,6.25,25.0,25.0,31.25,62.5,37.5,31.25,18.75,12.5
ANNAAIVLQLPQGTTLPK,33.333,61.111,44.444,0.0,61.111,38.889,5.556,5.556,0.0
TRNPANNAAIVLQLPQ,18.182,54.545,18.182,27.273,54.545,45.455,27.273,18.182,9.091
NLREFVFKNIDGYFKIY,5.882,29.412,23.529,29.412,58.824,41.176,29.412,17.647,11.765
VFNATRFASVYAWNRK,31.25,56.25,31.25,25.0,56.25,43.75,18.75,18.75,0.0
TESIVRFPNITNLC,28.571,57.143,28.571,7.143,50.0,50.0,14.286,7.143,7.143
TQSLLIVNNATNV,30.769,69.231,46.154,0.0,46.154,53.846,0.0,0.0,0.0
FGEVFNATRFASV,11.111,44.444,11.111,11.111,55.556,44.444,33.333,22.222,11.111
LIVNNATNVVIKVCEFQF,16.667,55.556,44.444,11.111,61.111,38.889,11.111,5.556,5.556
YIIKLIFLWLLWPVT,6.667,20.0,53.333,26.667,86.667,13.333,6.667,6.667,0.0
IAQFAPSASAFF,50.0,58.333,41.667,25.0,75.0,25.0,0.0,0.0,0.0
WLSYFIASFRLFART,33.333,33.333,33.333,33.333,66.667,33.333,13.333,13.333,0.0
IAQFAPSASAFFGMS,53.333,60.0,33.333,20.0,73.333,26.667,0.0,0.0,0.0
EVFNATRFASVYAWN,50.0,72.222,5.556,5.556,38.889,61.111,16.667,5.556,11.111
MFVFLVLLPLVSSQCV,18.75,50.0,50.0,12.5,81.25,18.75,0.0,0.0,0.0
QIGYYRRATRRIR,23.077,23.077,23.077,15.385,46.154,53.846,38.462,38.462,0.0
YRINWITGGIAIAMA,40.0,46.667,46.667,13.333,80.0,20.0,6.667,6.667,0.0
PTESIVRFPNITNLC,26.667,60.0,26.667,6.667,53.333,46.667,13.333,6.667,6.667
VFVSNGTHWFVT,33.333,66.667,25.0,33.333,58.333,41.667,8.333,8.333,0.0
RNRFLYIIKLIFLW,9.091,63.636,18.182,18.182,36.364,63.636,45.455,18.182,27.273
TQQLIRAAEIRASA,25.0,62.5,25.0,0.0,25.0,75.0,25.0,0.0,25.0
NAAIVLQLPQGTTL,20.0,40.0,40.0,0.0,45.0,55.0,40.0,20.0,20.0
NRNRFLYIIKLIFLWLL,33.333,41.667,41.667,8.333,58.333,41.667,8.333,8.333,0.0
IPTNFTISVTTEILPV,31.25,62.5,37.5,6.25,56.25,43.75,6.25,0.0,6.25
ATSRTLSYYKLGASQRV,47.059,52.941,29.412,11.765,47.059,52.941,17.647,17.647,0.0
VVVLSFELLHAPA,23.077,53.846,61.538,15.385,76.923,23.077,15.385,7.692,7.692
RFLYIIKLIFLWLLWPV,0.0,11.765,52.941,29.412,88.235,11.765,11.765,11.765,0.0
IKLIFLWLLWPVTL,7.143,21.429,57.143,21.429,85.714,14.286,7.143,7.143,0.0
INLVRDLPQGFSALE,20.0,46.667,40.0,6.667,60.0,40.0,20.0,6.667,13.333
SNLLLQYGSFCTQLN,33.333,46.667,26.667,13.333,53.333,46.667,0.0,0.0,0.0
PFGEVFNATRFASV,35.714,64.286,28.571,21.429,64.286,35.714,14.286,7.143,7.143
GGNYNYLYRLFRKS,21.429,35.714,14.286,28.571,57.143,42.857,21.429,21.429,0.0
LSYYKLGASQRV,33.333,41.667,33.333,16.667,58.333,41.667,16.667,16.667,0.0
PYRVVVLSFELLHAP,13.333,46.667,46.667,20.0,73.333,26.667,20.0,13.333,6.667
IFLWLLWPVTLACF,21.429,35.714,50.0,28.571,92.857,7.143,0.0,0.0,0.0
SYYKLGASQRVAGDS,0.0,22.222,11.111,44.444,55.556,44.444,22.222,22.222,0.0
LSYFIASFRLFARTR,33.333,33.333,33.333,26.667,60.0,40.0,20.0,20.0,0.0
NAAIVLQLPQGT,33.333,58.333,50.0,0.0,66.667,33.333,0.0,0.0,0.0
DQIGYYRRATRRIR,20.0,20.0,50.0,30.0,90.0,10.0,0.0,0.0,0.0
GLMWLSYFIASFR,30.769,30.769,30.769,30.769,76.923,23.077,7.692,7.692,0.0
PREGVFVSNGTHWFVT,31.25,62.5,18.75,25.0,56.25,43.75,18.75,12.5,6.25
PINLVRDLPQGF,11.111,33.333,22.222,11.111,55.556,44.444,22.222,22.222,0.0
SKRSFIEDLLFNKVTL,0.0,20.0,60.0,30.0,100.0,0.0,0.0,0.0,0.0
WLSYFIASFRLFAR,28.571,28.571,35.714,35.714,71.429,28.571,14.286,14.286,0.0
NYLYRLFRKSNLK,7.692,23.077,23.077,23.077,46.154,53.846,30.769,30.769,0.0
WNLVIGFLFLTW,16.667,33.333,41.667,33.333,83.333,16.667,0.0,0.0,0.0
ANRNRFLYIIKLIFL,6.667,20.0,46.667,20.0,66.667,33.333,20.0,20.0,0.0
VFKNIDGYFKIYSKHT,18.75,37.5,18.75,31.25,50.0,50.0,31.25,25.0,6.25
GYQPYRVVVLSFELLHA,17.647,41.176,41.176,23.529,70.588,29.412,17.647,11.765,5.882
GVFVSNGTHWFVTQRN,31.25,62.5,18.75,25.0,50.0,50.0,12.5,12.5,0.0
RTLSYYKLGASQRV,35.714,42.857,28.571,14.286,50.0,50.0,21.429,21.429,0.0
FNFNGLTGTGVLTE,25.0,58.333,25.0,8.333,25.0,75.0,25.0,16.667,8.333
SSGWTAGAAAYYVG,37.5,50.0,0.0,25.0,12.5,87.5,50.0,25.0,25.0
TYVTQQLIRAAEIRAS,37.5,43.75,43.75,6.25,50.0,50.0,18.75,12.5,6.25
ITRFQTLLALHRSYL,21.429,50.0,35.714,14.286,57.143,42.857,21.429,14.286,7.143
LFLPFFSNVTWFHAI,20.0,40.0,33.333,40.0,73.333,26.667,6.667,6.667,0.0
ACFVLAAVYRINWIT,16.667,58.333,25.0,16.667,50.0,50.0,25.0,8.333,16.667
SFELLHAPATVCGPKKS,50.0,75.0,75.0,0.0,100.0,0.0,0.0,0.0,0.0
GGNYNYLYRLFRKS,21.429,35.714,14.286,28.571,57.143,42.857,21.429,21.429,0.0
SGTWLTYTGAIKL,53.846,53.846,30.769,15.385,61.538,38.462,7.692,7.692,0.0
NTLVKQLSSNFGAIS,40.0,60.0,33.333,6.667,46.667,53.333,6.667,6.667,0.0
SYFIASFRLFARTRS,33.333,66.667,40.0,0.0,40.0,60.0,13.333,0.0,13.333
DYSVLYNSASFSTFK,37.5,75.0,25.0,6.25,43.75,56.25,12.5,0.0,12.5
AAEIRASANLAATKMSE,52.941,58.824,47.059,0.0,52.941,47.059,23.529,11.765,11.765
FGEVFNATRFASVY,35.714,57.143,28.571,28.571,64.286,35.714,14.286,7.143,7.143
GINITRFQTLLALHR,26.667,33.333,40.0,13.333,53.333,46.667,20.0,20.0,0.0
YRVVVLSFELLHA,15.385,38.462,53.846,23.077,69.231,30.769,23.077,15.385,7.692
IRAAEIRASANLAATK,50.0,56.25,56.25,0.0,56.25,43.75,25.0,18.75,6.25
PINLVRDLPQGFSA,21.429,57.143,35.714,7.143,64.286,35.714,14.286,7.143,7.143
RFASVYAWNRKRISN,73.333,73.333,6.667,0.0,26.667,73.333,20.0,13.333,6.667
RFQTLLALHRSY,25.0,25.0,33.333,25.0,50.0,50.0,25.0,25.0,0.0
LSYYKLGASQRVAG,42.857,50.0,35.714,14.286,64.286,35.714,14.286,14.286,0.0
RNRFLYIIKLIFLWLLW,0.0,5.882,47.059,29.412,76.471,23.529,17.647,17.647,0.0
MFVFLVLLPLVS,25.0,50.0,25.0,25.0,50.0,50.0,25.0,25.0,0.0
VIGFLFLTWICLLQFA,25.0,31.25,50.0,25.0,87.5,12.5,0.0,0.0,0.0
VQPTESIVRFPNITNL,18.75,56.25,31.25,6.25,50.0,50.0,12.5,6.25,6.25
IFLWLLWPVTLACFVLA,33.333,66.667,25.0,8.333,41.667,58.333,33.333,16.667,16.667
AEIRASANLAATKMSE,50.0,56.25,43.75,0.0,50.0,50.0,25.0,12.5,12.5
LSYFIASFRLFA,33.333,33.333,41.667,33.333,75.0,25.0,8.333,8.333,0.0
TLSYYKLGASQRVAG,5.0,20.0,50.0,25.0,80.0,20.0,10.0,10.0,0.0
QFAYANRNRFLYII,14.286,28.571,35.714,28.571,64.286,35.714,14.286,14.286,0.0
RFASVYAWNRKRI,23.077,38.462,30.769,23.077,53.846,46.154,30.769,30.769,0.0
SGWTFGAGAALQIPF,53.333,60.0,33.333,20.0,80.0,20.0,0.0,0.0,0.0
QLIRAAEIRASANLAAT,18.182,45.455,45.455,0.0,54.545,45.455,27.273,9.091,18.182
EVFNATRFASVYAWNRK,29.412,52.941,29.412,23.529,52.941,47.059,23.529,17.647,5.882
GFLFLTWICLLQF,23.077,23.077,38.462,30.769,84.615,15.385,0.0,0.0,0.0
CLVGLMWLSYFIASFRL,28.571,46.429,17.857,21.429,67.857,32.143,21.429,14.286,7.143
VGLMWLSYFIASFRL,26.667,33.333,40.0,26.667,80.0,20.0,6.667,6.667,0.0
LYIIKLIFLWLLWPVTL,5.882,17.647,58.824,23.529,88.235,11.765,5.882,5.882,0.0
QPYRVVVLSFELLHA,13.333,40.0,46.667,20.0,66.667,33.333,20.0,13.333,6.667
EQWNLVIGFLFLTW,14.286,28.571,35.714,28.571,71.429,28.571,7.143,0.0,7.143
VVVLSFELLHAPATVCGP,33.333,66.667,50.0,11.111,77.778,22.222,11.111,5.556,5.556
SRTLSYYKLGASQRV,40.0,46.667,26.667,13.333,46.667,53.333,20.0,20.0,0.0
GTRNPANNAAIVLQLP,31.25,68.75,43.75,0.0,62.5,37.5,6.25,6.25,0.0
IIKLIFLWLLWPVTLAC,20.0,40.0,30.0,10.0,60.0,40.0,20.0,20.0,0.0
WLSYFIASFRLFA,7.143,35.714,35.714,7.143,42.857,57.143,42.857,14.286,28.571
TRNPANNAAIVLQLP,42.857,71.429,14.286,14.286,42.857,57.143,14.286,0.0,14.286
LSFELLHAPATVCG,40.0,70.0,40.0,10.0,60.0,40.0,0.0,0.0,0.0
LEQWNLVIGFLFLTWI,50.0,50.0,50.0,12.5,62.5,37.5,0.0,0.0,0.0
GWTFGAGAALQIPF,50.0,80.0,20.0,20.0,50.0,50.0,0.0,0.0,0.0
RNRFLYIIKLIFLWL,0.0,6.667,46.667,26.667,73.333,26.667,20.0,20.0,0.0
SKTQSLLIVNNATNVVI,22.222,22.222,44.444,33.333,55.556,44.444,44.444,44.444,0.0
MFVFLVLLPLVSSQCV,40.0,46.667,26.667,20.0,46.667,53.333,26.667,13.333,13.333
PFGEVFNATRFASVY,33.333,60.0,26.667,26.667,66.667,33.333,13.333,6.667,6.667
SLLIVNNATNVVIKV,20.0,66.667,60.0,0.0,60.0,40.0,6.667,6.667,0.0
TPINLVRDLPQGFS,21.429,57.143,28.571,7.143,57.143,42.857,14.286,7.143,7.143
VGLMWLSYFIASFRLFAR,27.778,33.333,38.889,27.778,77.778,22.222,11.111,11.111,0.0
GTWLTYTGAIKLDDK,40.0,53.333,26.667,13.333,53.333,46.667,26.667,13.333,13.333
NWITGGIAIAMACL,50.0,57.143,50.0,7.143,85.714,14.286,0.0,0.0,0.0
ITRFQTLLALHR,25.0,25.0,41.667,16.667,50.0,50.0,25.0,25.0,0.0
PSKRSFIEDLLFNKVTL,17.647,41.176,29.412,11.765,47.059,52.941,29.412,17.647,11.765
VFLVLLPLVSSQCVNL,18.75,56.25,56.25,6.25,75.0,25.0,0.0,0.0,0.0
VTQQLIRAAEIRASA,40.0,46.667,53.333,0.0,53.333,46.667,20.0,13.333,6.667
FLYIIKLIFLWLLWPV,0.0,12.5,56.25,31.25,93.75,6.25,6.25,6.25,0.0
QQLIRAAEIRASANLAA,41.176,47.059,58.824,0.0,58.824,41.176,17.647,11.765,5.882
FLYIIKLIFLWLLWPV,34.783,65.217,21.739,17.391,60.87,39.13,13.043,8.696,4.348
LVGLMWLSYFIASFRL,25.0,31.25,43.75,25.0,81.25,18.75,6.25,6.25,0.0
IASFRLFARTRSMWS,40.0,40.0,26.667,20.0,53.333,46.667,20.0,20.0,0.0
DDQIGYYRRATRRIR,20.0,33.333,20.0,13.333,40.0,60.0,46.667,33.333,13.333
NNAAIVLQLPQGTT,11.111,44.444,66.667,0.0,66.667,33.333,22.222,11.111,11.111
MWLSYFIASFRLFAR,26.667,26.667,33.333,33.333,73.333,26.667,13.333,13.333,0.0
ALALLLLDRLNQL,13.333,40.0,6.667,20.0,26.667,73.333,53.333,26.667,26.667
DDQIGYYRRATRRIRG,45.0,65.0,20.0,5.0,50.0,50.0,20.0,5.0,15.0
EFVFKNIDGYFKIYS,45.455,72.727,9.091,9.091,36.364,63.636,27.273,18.182,9.091
LVIGFLFLTWICLL,27.273,54.545,4.545,18.182,31.818,68.182,36.364,9.091,27.273
VVLSFELLHAPATVCG,37.5,62.5,50.0,12.5,75.0,25.0,12.5,6.25,6.25
SGTWLTYTGAIKLD,50.0,57.143,28.571,14.286,57.143,42.857,14.286,7.143,7.143
HWPQIAQFAPSASAFFG,41.176,52.941,29.412,29.412,70.588,29.412,5.882,5.882,0.0
TLSYYKLGASQRV,38.462,46.154,30.769,15.385,53.846,46.154,15.385,15.385,0.0
KLIFLWLLWPVTLAC,20.0,33.333,53.333,20.0,86.667,13.333,6.667,6.667,0.0
DAALALLLLDRLNQ,21.429,42.857,64.286,0.0,64.286,35.714,21.429,7.143,14.286
GWTFGAGAALQIPFAM,50.0,56.25,37.5,18.75,87.5,12.5,0.0,0.0,0.0
VVLSFELLHAPAT,25.0,40.0,20.0,10.0,40.0,60.0,35.0,20.0,15.0
VVVLSFELLHAPAT,28.571,57.143,57.143,14.286,71.429,28.571,14.286,7.143,7.143
YQPYRVVVLSFELLHA,36.364,54.545,22.727,9.091,45.455,54.545,36.364,13.636,22.727
RFLYIIKLIFLWLLW,44.444,55.556,11.111,33.333,33.333,66.667,33.333,22.222,11.111
LSYFIASFRLFAR,0.0,71.429,28.571,14.286,71.429,28.571,0.0,0.0,0.0
EVFNATRFASVYA,38.462,61.538,38.462,23.077,61.538,38.462,15.385,7.692,7.692
RINWITGGIAIAMA,42.857,50.0,50.0,7.143,78.571,21.429,7.143,7.143,0.0
REGVFVSNGTHWFVTQR,26.667,33.333,33.333,40.0,80.0,20.0,13.333,13.333,0.0
YQPYRVVVLSFELLH,6.667,33.333,40.0,26.667,66.667,33.333,20.0,13.333,6.667
NRFLYIIKLIFLWLL,0.0,6.667,53.333,26.667,80.0,20.0,13.333,13.333,0.0
NCTFEYVSQPFLMDLE,18.75,43.75,18.75,18.75,56.25,43.75,18.75,0.0,18.75
AEIRASANLAATKM,12.5,31.25,25.0,12.5,50.0,50.0,37.5,25.0,12.5
SLLIVNNATNVVIKVC,25.0,68.75,56.25,0.0,62.5,37.5,6.25,6.25,0.0
GEVFNATRFASVYAW,40.0,60.0,33.333,26.667,66.667,33.333,13.333,6.667,6.667
LQIPFAMQMAYRFNG,20.0,33.333,26.667,20.0,73.333,26.667,6.667,6.667,0.0
ANRNRFLYIIKLIFLWLL,5.556,16.667,50.0,22.222,72.222,27.778,16.667,16.667,0.0
GEVFNATRFASVYA,42.857,64.286,35.714,21.429,64.286,35.714,14.286,7.143,7.143
GVFVSNGTHWFVTQ,35.714,64.286,21.429,28.571,57.143,42.857,7.143,7.143,0.0
INITRFQTLLALHR,21.429,28.571,42.857,14.286,50.0,50.0,21.429,21.429,0.0
TFEYVSQPFLMDLE,14.286,35.714,21.429,21.429,57.143,42.857,21.429,0.0,21.429
ALQIPFAMQMAYRFN,20.0,33.333,33.333,20.0,73.333,26.667,6.667,6.667,0.0
NPANNAAIVLQLPQ,21.429,64.286,50.0,0.0,64.286,35.714,0.0,0.0,0.0
YQPYRVVVLSFELLHA,12.5,37.5,43.75,25.0,68.75,31.25,18.75,12.5,6.25
RTLSYYKLGASQRVA,40.0,46.667,33.333,13.333,53.333,46.667,20.0,20.0,0.0
QPYRVVVLSFELLHAP,12.5,43.75,43.75,18.75,68.75,31.25,18.75,12.5,6.25
PINLVRDLPQGFS,15.385,53.846,30.769,7.692,61.538,38.462,15.385,7.692,7.692
RINWITGGIAIAM,38.462,46.154,46.154,7.692,76.923,23.077,7.692,7.692,0.0
YNYLYRLFRKSNLKPF,6.25,25.0,18.75,31.25,56.25,43.75,25.0,25.0,0.0
ASFRLFARTRSMW,38.462,38.462,23.077,23.077,53.846,46.154,23.077,23.077,0.0
WNLVIGFLFLTWICLLQ,17.647,29.412,47.059,23.529,82.353,17.647,0.0,0.0,0.0
PSGTWLTYTGAIKL,50.0,57.143,28.571,14.286,64.286,35.714,7.143,7.143,0.0
NLLLQYGSFCTQL,30.769,38.462,30.769,15.385,61.538,38.462,0.0,0.0,0.0
VTLACFVLAAVYRI,35.714,57.143,64.286,14.286,85.714,14.286,7.143,7.143,0.0
TRFQTLLALHRSY,30.769,30.769,30.769,23.077,46.154,53.846,23.077,23.077,0.0
NLVIGFLFLTWI,16.667,33.333,50.0,25.0,83.333,16.667,0.0,0.0,0.0
GVFVSNGTHWFVTQRNF,29.412,58.824,17.647,29.412,52.941,47.059,11.765,11.765,0.0
QIPFAMQMAYRFN,15.385,30.769,23.077,23.077,69.231,30.769,7.692,7.692,0.0
TQSLLIVNNATNVVIK,25.0,62.5,50.0,0.0,50.0,50.0,6.25,6.25,0.0
LQFAYANRNRFLYI,14.286,28.571,35.714,28.571,64.286,35.714,14.286,14.286,0.0
CTFEYVSQPFLMDLE,20.0,40.0,20.0,20.0,60.0,40.0,20.0,0.0,20.0
DEMIAQYTSALLAG,42.857,50.0,42.857,7.143,64.286,35.714,14.286,0.0,14.286
SVLYNSASFSTFK,46.154,61.538,23.077,23.077,46.154,53.846,7.692,7.692,0.0
INWITGGIAIAM,41.667,50.0,50.0,8.333,83.333,16.667,0.0,0.0,0.0
VGGNYNYLYRLFRK,14.286,35.714,21.429,28.571,64.286,35.714,21.429,21.429,0.0
LVIGFLFLTWICLLQF,18.75,25.0,50.0,25.0,87.5,12.5,0.0,0.0,0.0
VFLVLLPLVSSQCVNLT,23.529,58.824,52.941,5.882,70.588,29.412,0.0,0.0,0.0
WLSYFIASFRLFART,33.333,33.333,33.333,33.333,66.667,33.333,13.333,13.333,0.0
RINWITGGIAIAMACL,43.75,50.0,50.0,6.25,81.25,18.75,6.25,6.25,0.0
QPYRVVVLSFELLHAPA,17.647,47.059,47.059,17.647,70.588,29.412,17.647,11.765,5.882
GTRNPANNAAIVLQL,33.333,66.667,46.667,0.0,60.0,40.0,6.667,6.667,0.0
ANNAAIVLQLPQGTTLP,35.294,64.706,47.059,0.0,64.706,35.294,0.0,0.0,0.0
TQQLIRAAEIRASANL,37.5,43.75,50.0,0.0,50.0,50.0,18.75,12.5,6.25
IGFLFLTWICLLQFA,26.667,26.667,46.667,26.667,86.667,13.333,0.0,0.0,0.0
VVVLSFELLHAPATVCG,35.294,64.706,52.941,11.765,76.471,23.529,11.765,5.882,5.882
TQSLLIVNNATNVVIKV,18.75,37.5,31.25,18.75,62.5,37.5,31.25,12.5,18.75
NWITGGIAIAMAC,38.462,38.462,15.385,15.385,53.846,46.154,38.462,38.462,0.0
QPYRVVVLSFELLHAP,12.5,43.75,43.75,18.75,68.75,31.25,18.75,12.5,6.25
YIIKLIFLWLLWPV,0.0,14.286,57.143,28.571,92.857,7.143,7.143,7.143,0.0
ATRFASVYAWNRKRI,33.333,46.667,33.333,20.0,53.333,46.667,26.667,26.667,0.0
QQLIRAAEIRASA,38.462,38.462,53.846,0.0,53.846,46.154,23.077,15.385,7.692
GWTFGAGAALQIP,53.846,61.538,38.462,15.385,84.615,15.385,0.0,0.0,0.0
FLFLTWICLLQFAYANR,23.529,29.412,41.176,29.412,76.471,23.529,5.882,5.882,0.0
QKLIANQFNSAIG,30.769,46.154,38.462,7.692,53.846,46.154,7.692,7.692,0.0
FKNLREFVFKNIDGYFK,5.882,29.412,17.647,29.412,52.941,47.059,35.294,23.529,11.765
QIGYYRRATRRIRG,28.571,28.571,21.429,14.286,50.0,50.0,35.714,35.714,0.0
NITRFQTLLALHRSY,26.667,33.333,33.333,20.0,46.667,53.333,20.0,20.0,0.0
EFVFKNIDGYFKIY,7.143,28.571,21.429,35.714,64.286,35.714,28.571,14.286,14.286
CPFGEVFNATRFASVY,42.857,57.143,0.0,28.571,14.286,85.714,42.857,28.571,14.286
VFNATRFASVYAW,38.462,61.538,38.462,30.769,69.231,30.769,7.692,7.692,0.0
PTESIVRFPNITNL,21.429,57.143,28.571,7.143,50.0,50.0,14.286,7.143,7.143
QSLLIVNNATNVVIKVCE,22.222,61.111,50.0,0.0,55.556,44.444,11.111,5.556,5.556
NYNYLYRLFRKSNLKPF,5.882,29.412,17.647,29.412,52.941,47.059,23.529,23.529,0.0
VFNATRFASVYAWN,35.714,64.286,35.714,28.571,64.286,35.714,7.143,7.143,0.0
ESIVRFPNITNLCPF,20.0,53.333,26.667,13.333,60.0,40.0,13.333,6.667,6.667
RFASVYAWNRKRIS,28.571,42.857,28.571,21.429,50.0,50.0,28.571,28.571,0.0
IKLIFLWLLWPVTLAC,18.75,31.25,56.25,18.75,87.5,12.5,6.25,6.25,0.0
SANNCTFEYVSQPFLMDL,27.778,55.556,22.222,16.667,55.556,44.444,11.111,0.0,11.111
FVFLVLLPLVSSQCVN,18.75,56.25,50.0,12.5,75.0,25.0,0.0,0.0,0.0
YRVVVLSFELLHAPAT,25.0,50.0,50.0,18.75,68.75,31.25,18.75,12.5,6.25
YQPYRVVVLSFELL,33.333,33.333,16.667,25.0,50.0,50.0,25.0,25.0,0.0
PYRVVVLSFELLHAP,13.333,46.667,46.667,20.0,73.333,26.667,20.0,13.333,6.667
LYIIKLIFLWLLWPVT,6.25,18.75,56.25,25.0,87.5,12.5,6.25,6.25,0.0
SKPSKRSFIEDLLFNKV,17.647,41.176,23.529,11.765,41.176,58.824,35.294,23.529,11.765
RTLSYYKLGASQRVAGD,41.176,52.941,29.412,11.765,52.941,47.059,23.529,17.647,5.882
IIKLIFLWLLWPVTLA,12.5,25.0,62.5,18.75,87.5,12.5,6.25,6.25,0.0
FELLHAPATVCGPKK,33.333,53.333,33.333,13.333,66.667,33.333,26.667,20.0,6.667
FVIRGDEVRQIAPG,21.429,50.0,35.714,7.143,64.286,35.714,28.571,14.286,14.286
TRNPANNAAIVLQL,28.571,64.286,50.0,0.0,57.143,42.857,7.143,7.143,0.0
EQWNLVIGFLFLTWIC,18.75,31.25,37.5,25.0,75.0,25.0,6.25,0.0,6.25
LMWLSYFIASFRLFART,38.462,69.231,23.077,7.692,38.462,61.538,7.692,0.0,7.692
DVVIGIVNNTVYD,15.385,76.923,46.154,7.692,61.538,38.462,15.385,0.0,15.385
INITRFQTLLALHRS,26.667,33.333,40.0,13.333,46.667,53.333,20.0,20.0,0.0
FLYIIKLIFLWLLWPVT,42.857,85.714,28.571,0.0,42.857,57.143,42.857,0.0,42.857
GLMWLSYFIASFRL,54.545,54.545,18.182,0.0,45.455,54.545,27.273,18.182,9.091
GYQPYRVVVLSFELLHA,20.0,40.0,13.333,26.667,60.0,40.0,20.0,0.0,20.0
GLMWLSYFIASF,9.091,27.273,18.182,36.364,63.636,36.364,18.182,18.182,0.0
FLPFFSNVTWFHAI,21.429,42.857,28.571,42.857,71.429,28.571,7.143,7.143,0.0
GEVFNATRFASVYAWN,37.5,62.5,31.25,25.0,62.5,37.5,12.5,6.25,6.25
SFVIRGDEVRQIAPG,26.667,53.333,33.333,6.667,60.0,40.0,26.667,13.333,13.333
NRFLYIIKLIFLWLL,0.0,6.667,53.333,26.667,80.0,20.0,13.333,13.333,0.0
CTFEYVSQPFLMDL,21.429,42.857,21.429,21.429,64.286,35.714,14.286,0.0,14.286
LYIIKLIFLWLLWPV,0.0,13.333,60.0,26.667,93.333,6.667,6.667,6.667,0.0
LYIIKLIFLWLLW,0.0,0.0,61.538,30.769,92.308,7.692,7.692,7.692,0.0
SLLIVNNATNVV,42.857,57.143,14.286,21.429,50.0,50.0,21.429,14.286,7.143
TWLTYTGAIKLDDK,40.0,46.667,20.0,0.0,40.0,60.0,33.333,26.667,6.667
GGNYNYLYRLFRKSNLK,17.647,35.294,17.647,23.529,52.941,47.059,23.529,23.529,0.0
FVFLVLLPLVSSQCVNLT,22.222,55.556,50.0,11.111,72.222,27.778,0.0,0.0,0.0
GTWLTYTGAIKLD,46.154,53.846,30.769,15.385,61.538,38.462,15.385,7.692,7.692
LREFVFKNIDGYFKI,6.667,26.667,26.667,26.667,60.0,40.0,33.333,20.0,13.333
GGFNFSQILPDPSK,28.571,57.143,14.286,14.286,57.143,42.857,14.286,7.143,7.143
NITRFQTLLALHRSYL,53.333,60.0,40.0,0.0,53.333,46.667,20.0,13.333,6.667
GWTFGAGAALQIP,53.846,61.538,38.462,15.385,84.615,15.385,0.0,0.0,0.0
MFVFLVLLPLVSSQCVN,17.647,52.941,47.059,11.765,76.471,23.529,0.0,0.0,0.0
SFVIRGDEVRQIA,23.077,46.154,38.462,7.692,53.846,46.154,30.769,15.385,15.385
PINLVRDLPQGFSAL,20.0,53.333,40.0,6.667,66.667,33.333,13.333,6.667,6.667
QIPFAMQMAYRFNGI,20.0,33.333,26.667,20.0,73.333,26.667,6.667,6.667,0.0
SRTLSYYKLGASQRVAGD,30.0,55.0,30.0,20.0,55.0,45.0,25.0,20.0,5.0
VVVLSFELLHAPATVC,20.0,46.667,26.667,26.667,53.333,46.667,26.667,20.0,6.667
AAVYRINWITGGIA,42.857,57.143,50.0,14.286,78.571,21.429,7.143,7.143,0.0
PYRVVVLSFELLH,7.692,38.462,46.154,23.077,69.231,30.769,23.077,15.385,7.692
NYNYLYRLFRKSNLK,6.667,26.667,20.0,26.667,46.667,53.333,26.667,26.667,0.0
YADSFVIRGDEVRQIA,25.0,50.0,37.5,12.5,56.25,43.75,31.25,12.5,18.75
SNLLLQYGSFCTQL,35.714,42.857,28.571,14.286,57.143,42.857,0.0,0.0,0.0
SFELLHAPATVC,41.667,58.333,41.667,16.667,66.667,33.333,16.667,8.333,8.333
TRFQTLLALHRS,0.0,50.0,25.0,37.5,75.0,25.0,25.0,12.5,12.5
LSYYKLGASQRVAGDS,13.333,46.667,26.667,6.667,46.667,53.333,26.667,0.0,26.667
LMWLSYFIASFRLF,21.429,21.429,35.714,35.714,78.571,21.429,7.143,7.143,0.0
LLIVNNATNVVI,16.667,66.667,66.667,0.0,66.667,33.333,0.0,0.0,0.0
MACLVGLMWLSYFIA,33.333,40.0,46.667,20.0,93.333,6.667,0.0,0.0,0.0
VLSFELLHAPATVCG,40.0,60.0,46.667,13.333,73.333,26.667,13.333,6.667,6.667
QFAYANRNRFLYI,15.385,30.769,30.769,30.769,61.538,38.462,15.385,15.385,0.0
RVVVLSFELLHA,16.667,41.667,58.333,16.667,66.667,33.333,25.0,16.667,8.333
NCTFEYVSQPFLMDL,20.0,46.667,20.0,20.0,60.0,40.0,13.333,0.0,13.333
WNLVIGFLFLTWICLL,18.75,31.25,50.0,25.0,87.5,12.5,0.0,0.0,0.0
IRAAEIRASANLAAT,53.333,60.0,60.0,0.0,60.0,40.0,20.0,13.333,6.667
VGLMWLSYFIASFRLF,25.0,31.25,37.5,31.25,81.25,18.75,6.25,6.25,0.0
LIVNNATNVVIKVCEF,18.75,62.5,50.0,6.25,62.5,37.5,12.5,6.25,6.25
TSRTLSYYKLGASQRVA,47.059,52.941,29.412,11.765,47.059,52.941,17.647,17.647,0.0
YRVVVLSFELLHAPATV,23.529,52.941,52.941,17.647,70.588,29.412,17.647,11.765,5.882
YRVVVLSFELLHAP,14.286,42.857,50.0,21.429,71.429,28.571,21.429,14.286,7.143
LLIVNNATNVVIK,15.385,61.538,61.538,0.0,61.538,38.462,7.692,7.692,0.0
WLSYFIASFRLFA,30.769,30.769,38.462,38.462,76.923,23.077,7.692,7.692,0.0
IVNNATNVVIKVC,23.077,76.923,53.846,0.0,61.538,38.462,7.692,7.692,0.0
TQQLIRAAEIRASAN,40.0,46.667,46.667,0.0,46.667,53.333,20.0,13.333,6.667
RFQTLLALHRSYLT,28.571,28.571,35.714,21.429,50.0,50.0,21.429,21.429,0.0
KTQSLLIVNNATNV,28.571,64.286,42.857,0.0,42.857,57.143,7.143,7.143,0.0
QLIRAAEIRASANL,35.714,42.857,57.143,0.0,57.143,42.857,21.429,14.286,7.143
PYRVVVLSFELLHAPA,58.333,75.0,8.333,16.667,50.0,50.0,8.333,0.0,8.333
QIGYYRRATRRIRG,28.571,28.571,21.429,14.286,50.0,50.0,35.714,35.714,0.0
LSYYKLGASQRVAGDSG,47.059,58.824,29.412,11.765,58.824,41.176,17.647,11.765,5.882
VFLVLLPLVSSQCVNL,18.75,56.25,56.25,6.25,75.0,25.0,0.0,0.0,0.0
GEVFNATRFASVYA,42.857,64.286,35.714,21.429,64.286,35.714,14.286,7.143,7.143
LIFLWLLWPVTLACF,20.0,33.333,53.333,26.667,93.333,6.667,0.0,0.0,0.0
KLIFLWLLWPVTL,7.692,23.077,53.846,23.077,84.615,15.385,7.692,7.692,0.0
VYRINWITGGIAIAMA,37.5,50.0,50.0,12.5,81.25,18.75,6.25,6.25,0.0
QIAQFAPSASAFFGMS,50.0,56.25,31.25,18.75,68.75,31.25,0.0,0.0,0.0
LSYFIASFRLFARTRS,37.5,37.5,31.25,25.0,56.25,43.75,18.75,18.75,0.0
FLYIIKLIFLWLLWPV,29.412,47.059,41.176,5.882,64.706,35.294,29.412,11.765,17.647
ITRFQTLLALHRSY,28.571,28.571,35.714,21.429,50.0,50.0,21.429,21.429,0.0
LYIIKLIFLWLLWPVT,20.0,46.667,46.667,13.333,60.0,40.0,26.667,6.667,20.0
CSNLLLQYGSFCTQ,42.857,50.0,21.429,14.286,57.143,42.857,0.0,0.0,0.0
IGYYRRATRRIRGGD,33.333,40.0,20.0,13.333,53.333,46.667,40.0,33.333,6.667
DEMIAQYTSALLAGT,46.667,53.333,40.0,6.667,60.0,40.0,13.333,0.0,13.333
NLREFVFKNIDGYFK,6.667,33.333,20.0,26.667,53.333,46.667,33.333,20.0,13.333
IIKLIFLWLLWPVTLACF,40.0,80.0,40.0,0.0,70.0,30.0,10.0,0.0,10.0
EGVFVSNGTHWFVT,46.154,69.231,15.385,7.692,23.077,76.923,23.077,15.385,7.692
LYIIKLIFLWLLWPV,0.0,13.333,60.0,26.667,93.333,6.667,6.667,6.667,0.0
YRINWITGGIAIAMA,40.0,46.667,46.667,13.333,80.0,20.0,6.667,6.667,0.0
QIGYYRRATRRIRGG,33.333,33.333,20.0,13.333,53.333,46.667,33.333,33.333,0.0
FEYVSQPFLMDLEGKQ,12.5,31.25,18.75,18.75,56.25,43.75,25.0,6.25,18.75
NWITGGIAIAMA,50.0,58.333,50.0,8.333,83.333,16.667,0.0,0.0,0.0
INLVRDLPQGFSAL,21.429,50.0,42.857,7.143,64.286,35.714,14.286,7.143,7.143
ECSNLLLQYGSFCT,42.857,50.0,21.429,14.286,57.143,42.857,7.143,0.0,7.143
LIVNNATNVVIKV,30.0,55.0,20.0,15.0,50.0,50.0,15.0,0.0,15.0
GLMWLSYFIASFRLFART,33.333,33.333,33.333,27.778,72.222,27.778,11.111,11.111,0.0
NYNYLYRLFRKSNL,7.143,28.571,21.429,28.571,50.0,50.0,21.429,21.429,0.0
QIAQFAPSASAFF,46.154,53.846,38.462,23.077,69.231,30.769,0.0,0.0,0.0
REGVFVSNGTHWFV,28.571,57.143,21.429,28.571,57.143,42.857,21.429,14.286,7.143
ANRNRFLYIIKLIF,25.0,43.75,12.5,25.0,50.0,50.0,37.5,18.75,18.75
MWLSYFIASFRLF,13.333,53.333,46.667,0.0,46.667,53.333,26.667,13.333,13.333
LVIGFLFLTWICLLQ,62.5,81.25,0.0,6.25,50.0,50.0,31.25,6.25,25.0
TNLCPFGEVFNATRFASV,31.25,62.5,25.0,6.25,50.0,50.0,31.25,12.5,18.75
IVNNATNVVIKVCEFQ,18.75,62.5,43.75,6.25,56.25,43.75,12.5,6.25,6.25
WITGGIAIAMACLVGL,33.333,46.667,20.0,13.333,40.0,60.0,20.0,13.333,6.667
RFLYIIKLIFLWLLW,0.0,0.0,53.333,33.333,86.667,13.333,13.333,13.333,0.0
SYYKLGASQRVAGDSG,50.0,62.5,25.0,12.5,56.25,43.75,18.75,12.5,6.25
ESIVRFPNITNLCPF,20.0,53.333,26.667,13.333,60.0,40.0,13.333,6.667,6.667
NNAAIVLQLPQGTTL,33.333,60.0,46.667,0.0,60.0,40.0,0.0,0.0,0.0
TQQLIRAAEIRASANLAA,44.444,50.0,55.556,0.0,55.556,44.444,16.667,11.111,5.556
NRFLYIIKLIFLWL,0.0,7.143,50.0,28.571,78.571,21.429,14.286,14.286,0.0
AVYRINWITGGIA,38.462,53.846,46.154,15.385,76.923,23.077,7.692,7.692,0.0
IAQFAPSASAFFGMSR,50.0,56.25,31.25,18.75,68.75,31.25,6.25,6.25,0.0
LLIVNNATNVVIKVCEF,17.647,58.824,52.941,5.882,64.706,35.294,11.765,5.882,5.882
VGLMWLSYFIASFR,28.571,35.714,35.714,28.571,78.571,21.429,7.143,7.143,0.0
RAAEIRASANLAATK,53.333,60.0,53.333,0.0,53.333,46.667,26.667,20.0,6.667
QIGYYRRATRRIR,23.077,23.077,23.077,15.385,46.154,53.846,38.462,38.462,0.0
QIAQFAPSASAFFG,50.0,57.143,35.714,21.429,71.429,28.571,0.0,0.0,0.0
TYVTQQLIRAAEIRASA,41.176,47.059,47.059,5.882,52.941,47.059,17.647,11.765,5.882
YADSFVIRGDEVRQI,20.0,46.667,33.333,13.333,53.333,46.667,33.333,13.333,20.0
IRAAEIRASANLAATKMS,26.667,40.0,33.333,0.0,40.0,60.0,33.333,13.333,20.0
TWLTYTGAIKLD,41.667,50.0,33.333,16.667,58.333,41.667,16.667,8.333,8.333
AQFAPSASAFFGM,53.846,61.538,30.769,23.077,76.923,23.077,0.0,0.0,0.0
VFVSNGTHWFVTQRN,26.667,60.0,20.0,26.667,46.667,53.333,13.333,13.333,0.0
GTWLTYTGAIKL,50.0,50.0,33.333,16.667,66.667,33.333,8.333,8.333,0.0
AALALLLLDRLNQL,26.667,53.333,33.333,6.667,73.333,26.667,26.667,6.667,20.0
TQSLLIVNNATNVV,28.571,71.429,50.0,0.0,50.0,50.0,0.0,0.0,0.0
PYRVVVLSFELL,8.333,41.667,50.0,16.667,75.0,25.0,16.667,8.333,8.333
TRFQTLLALHRSYLT,33.333,33.333,33.333,20.0,46.667,53.333,20.0,20.0,0.0
NFNFNGLTGTGVLT,42.857,71.429,21.429,14.286,57.143,42.857,0.0,0.0,0.0
IGFLFLTWICLLQFA,26.667,26.667,46.667,26.667,86.667,13.333,0.0,0.0,0.0
GFLFLTWICLLQFAYA,25.0,56.25,12.5,18.75,56.25,43.75,37.5,25.0,12.5
AALALLLLDRLNQLE,20.0,33.333,66.667,0.0,66.667,33.333,20.0,6.667,13.333
NNAAIVLQLPQGTTLPK,29.412,58.824,41.176,0.0,58.824,41.176,5.882,5.882,0.0
KNLREFVFKNIDGYFKI,5.882,29.412,23.529,23.529,52.941,47.059,35.294,23.529,11.765
INWITGGIAIAMACL,46.667,53.333,53.333,6.667,86.667,13.333,0.0,0.0,0.0
PINLVRDLPQGF,8.333,50.0,33.333,8.333,66.667,33.333,16.667,8.333,8.333
HIGTRNPANNAAIVLQLP,27.778,61.111,44.444,5.556,61.111,38.889,11.111,11.111,0.0
QSLLIVNNATNVVI,21.429,64.286,57.143,0.0,57.143,42.857,0.0,0.0,0.0
IFLWLLWPVTLAC,23.077,38.462,53.846,23.077,92.308,7.692,0.0,0.0,0.0
